Id,DurableId,QualifiedApiName,EntityDefinitionId,NamespacePrefix,DeveloperName,MasterLabel,Label,DataType,IsCalculated,IsNillable,IsIndexed,IsApiFilterable,IsApiGroupable,IsApiSortable
000000000000000AAA,IndustriesSettings.AllowBenefitAssignmentWithInactiveProgramEnrollment,AllowBenefitAssignmentWithInactiveProgramEnrollment,IndustriesSettings,,AllowBenefitAssignmentWithInactiveProgramEnrollment,__MISSING LABEL__ PropertyFile - val AllowBenefitAssignmentWithInactiveProgramEnrollment not found in section udd_SettingsTemplate,__MISSING LABEL__ PropertyFile - val AllowBenefitAssignmentWithInactiveProgramEnrollment not found in section udd_SettingsTemplate,チェックボックス,false,false,false,true,true,true
000000000000000AAA,IndustriesSettings.AllowMultipleProducersToWorkOnSamePolicy,AllowMultipleProducersToWorkOnSamePolicy,IndustriesSettings,,AllowMultipleProducersToWorkOnSamePolicy,__MISSING LABEL__ PropertyFile - val AllowMultipleProducersToWorkOnSamePolicy not found in section udd_SettingsTemplate,__MISSING LABEL__ PropertyFile - val AllowMultipleProducersToWorkOnSamePolicy not found in section udd_SettingsTemplate,チェックボックス,false,false,false,true,true,true
000000000000000AAA,IndustriesSettings.AppointmentDistributionOrgPref,AppointmentDistributionOrgPref,IndustriesSettings,,AppointmentDistributionOrgPref,__MISSING LABEL__ PropertyFile - val AppointmentDistributionOrgPref not found in section udd_SettingsTemplate,__MISSING LABEL__ PropertyFile - val AppointmentDistributionOrgPref not found in section udd_SettingsTemplate,チェックボックス,false,false,false,true,true,true
000000000000000AAA,IndustriesSettings.BrwrCntctFrExtrnlSrcsPref,BrwrCntctFrExtrnlSrcsPref,IndustriesSettings,,BrwrCntctFrExtrnlSrcsPref,__MISSING LABEL__ PropertyFile - val BrwrCntctFrExtrnlSrcsPref not found in section udd_SettingsTemplate,__MISSING LABEL__ PropertyFile - val BrwrCntctFrExtrnlSrcsPref not found in section udd_SettingsTemplate,チェックボックス,false,false,false,true,true,true
000000000000000AAA,IndustriesSettings.CaptureResourceUtilizationOrgPref,CaptureResourceUtilizationOrgPref,IndustriesSettings,,CaptureResourceUtilizationOrgPref,__MISSING LABEL__ PropertyFile - val CaptureResourceUtilizationOrgPref not found in section udd_SettingsTemplate,__MISSING LABEL__ PropertyFile - val CaptureResourceUtilizationOrgPref not found in section udd_SettingsTemplate,チェックボックス,false,false,false,true,true,true
000000000000000AAA,IndustriesSettings.ClctnAndRecoveryAgntPref,ClctnAndRecoveryAgntPref,IndustriesSettings,,ClctnAndRecoveryAgntPref,__MISSING LABEL__ PropertyFile - val ClctnAndRecoveryAgntPref not found in section udd_SettingsTemplate,__MISSING LABEL__ PropertyFile - val ClctnAndRecoveryAgntPref not found in section udd_SettingsTemplate,チェックボックス,false,false,false,true,true,true
000000000000000AAA,IndustriesSettings.CollDialerCampaignPref,CollDialerCampaignPref,IndustriesSettings,,CollDialerCampaignPref,__MISSING LABEL__ PropertyFile - val CollDialerCampaignPref not found in section udd_SettingsTemplate,__MISSING LABEL__ PropertyFile - val CollDialerCampaignPref not found in section udd_SettingsTemplate,チェックボックス,false,false,false,true,true,true
000000000000000AAA,IndustriesSettings.CollectionAsaAgentPref,CollectionAsaAgentPref,IndustriesSettings,,CollectionAsaAgentPref,__MISSING LABEL__ PropertyFile - val CollectionAsaAgentPref not found in section udd_SettingsTemplate,__MISSING LABEL__ PropertyFile - val CollectionAsaAgentPref not found in section udd_SettingsTemplate,チェックボックス,false,false,false,true,true,true
000000000000000AAA,IndustriesSettings.CreateCustomerPropertyFromLaProperty,CreateCustomerPropertyFromLaProperty,IndustriesSettings,,CreateCustomerPropertyFromLaProperty,__MISSING LABEL__ PropertyFile - val CreateCustomerPropertyFromLaProperty not found in section udd_SettingsTemplate,__MISSING LABEL__ PropertyFile - val CreateCustomerPropertyFromLaProperty not found in section udd_SettingsTemplate,チェックボックス,false,false,false,true,true,true
000000000000000AAA,IndustriesSettings.CreateFinancialAccountFromLaAsset,CreateFinancialAccountFromLaAsset,IndustriesSettings,,CreateFinancialAccountFromLaAsset,__MISSING LABEL__ PropertyFile - val CreateFinancialAccountFromLaAsset not found in section udd_SettingsTemplate,__MISSING LABEL__ PropertyFile - val CreateFinancialAccountFromLaAsset not found in section udd_SettingsTemplate,チェックボックス,false,false,false,true,true,true
000000000000000AAA,IndustriesSettings.CreateFinancialAccountFromLaLiability,CreateFinancialAccountFromLaLiability,IndustriesSettings,,CreateFinancialAccountFromLaLiability,__MISSING LABEL__ PropertyFile - val CreateFinancialAccountFromLaLiability not found in section udd_SettingsTemplate,__MISSING LABEL__ PropertyFile - val CreateFinancialAccountFromLaLiability not found in section udd_SettingsTemplate,チェックボックス,false,false,false,true,true,true
000000000000000AAA,IndustriesSettings.CreateFinancialAccountsFromLaFinancials,CreateFinancialAccountsFromLaFinancials,IndustriesSettings,,CreateFinancialAccountsFromLaFinancials,__MISSING LABEL__ PropertyFile - val CreateFinancialAccountsFromLaFinancials not found in section udd_SettingsTemplate,__MISSING LABEL__ PropertyFile - val CreateFinancialAccountsFromLaFinancials not found in section udd_SettingsTemplate,チェックボックス,false,false,false,true,true,true
000000000000000AAA,IndustriesSettings.CreateFinancialAccountsFromLaProperty,CreateFinancialAccountsFromLaProperty,IndustriesSettings,,CreateFinancialAccountsFromLaProperty,__MISSING LABEL__ PropertyFile - val CreateFinancialAccountsFromLaProperty not found in section udd_SettingsTemplate,__MISSING LABEL__ PropertyFile - val CreateFinancialAccountsFromLaProperty not found in section udd_SettingsTemplate,チェックボックス,false,false,false,true,true,true
000000000000000AAA,IndustriesSettings.CreateFscAssetFromLaAsset,CreateFscAssetFromLaAsset,IndustriesSettings,,CreateFscAssetFromLaAsset,__MISSING LABEL__ PropertyFile - val CreateFscAssetFromLaAsset not found in section udd_SettingsTemplate,__MISSING LABEL__ PropertyFile - val CreateFscAssetFromLaAsset not found in section udd_SettingsTemplate,チェックボックス,false,false,false,true,true,true
000000000000000AAA,IndustriesSettings.CreateFscAssetFromLaProperty,CreateFscAssetFromLaProperty,IndustriesSettings,,CreateFscAssetFromLaProperty,__MISSING LABEL__ PropertyFile - val CreateFscAssetFromLaProperty not found in section udd_SettingsTemplate,__MISSING LABEL__ PropertyFile - val CreateFscAssetFromLaProperty not found in section udd_SettingsTemplate,チェックボックス,false,false,false,true,true,true
000000000000000AAA,IndustriesSettings.CreateFscLiabilityFromLaFinancial,CreateFscLiabilityFromLaFinancial,IndustriesSettings,,CreateFscLiabilityFromLaFinancial,__MISSING LABEL__ PropertyFile - val CreateFscLiabilityFromLaFinancial not found in section udd_SettingsTemplate,__MISSING LABEL__ PropertyFile - val CreateFscLiabilityFromLaFinancial not found in section udd_SettingsTemplate,チェックボックス,false,false,false,true,true,true
000000000000000AAA,IndustriesSettings.CreateFscLiabilityFromLaLiability,CreateFscLiabilityFromLaLiability,IndustriesSettings,,CreateFscLiabilityFromLaLiability,__MISSING LABEL__ PropertyFile - val CreateFscLiabilityFromLaLiability not found in section udd_SettingsTemplate,__MISSING LABEL__ PropertyFile - val CreateFscLiabilityFromLaLiability not found in section udd_SettingsTemplate,チェックボックス,false,false,false,true,true,true
000000000000000AAA,IndustriesSettings.DisableGiftCommitmentScheduleValidations,DisableGiftCommitmentScheduleValidations,IndustriesSettings,,DisableGiftCommitmentScheduleValidations,__MISSING LABEL__ PropertyFile - val DisableGiftCommitmentScheduleValidations not found in section udd_SettingsTemplate,__MISSING LABEL__ PropertyFile - val DisableGiftCommitmentScheduleValidations not found in section udd_SettingsTemplate,チェックボックス,false,false,false,true,true,true
000000000000000AAA,IndustriesSettings.DisableGiftCommitmentValidations,DisableGiftCommitmentValidations,IndustriesSettings,,DisableGiftCommitmentValidations,__MISSING LABEL__ PropertyFile - val DisableGiftCommitmentValidations not found in section udd_SettingsTemplate,__MISSING LABEL__ PropertyFile - val DisableGiftCommitmentValidations not found in section udd_SettingsTemplate,チェックボックス,false,false,false,true,true,true
000000000000000AAA,IndustriesSettings.DisableGiftTransactionValidations,DisableGiftTransactionValidations,IndustriesSettings,,DisableGiftTransactionValidations,__MISSING LABEL__ PropertyFile - val DisableGiftTransactionValidations not found in section udd_SettingsTemplate,__MISSING LABEL__ PropertyFile - val DisableGiftTransactionValidations not found in section udd_SettingsTemplate,チェックボックス,false,false,false,true,true,true
000000000000000AAA,IndustriesSettings.EnforceInsuranceUniqueProductCode,EnforceInsuranceUniqueProductCode,IndustriesSettings,,EnforceInsuranceUniqueProductCode,__MISSING LABEL__ PropertyFile - val EnforceInsuranceUniqueProductCode not found in section udd_SettingsTemplate,__MISSING LABEL__ PropertyFile - val EnforceInsuranceUniqueProductCode not found in section udd_SettingsTemplate,チェックボックス,false,false,false,true,true,true
000000000000000AAA,IndustriesSettings.ExternalId,DurableId,IndustriesSettings,,ExternalId,設定テンプレート外部 ID,設定テンプレート外部 ID,外部参照,false,true,false,true,true,true
000000000000000AAA,IndustriesSettings.FinancialServicesHouseholds,FinancialServicesHouseholds,IndustriesSettings,,FinancialServicesHouseholds,__MISSING LABEL__ PropertyFile - val FinancialServicesHouseholds not found in section udd_SettingsTemplate,__MISSING LABEL__ PropertyFile - val FinancialServicesHouseholds not found in section udd_SettingsTemplate,チェックボックス,false,false,false,true,true,true
000000000000000AAA,IndustriesSettings.FullName,FullName,IndustriesSettings,,FullName,氏名,氏名,テキスト(255),false,true,false,false,true,false
000000000000000AAA,IndustriesSettings.Id,Id,IndustriesSettings,,Id,設定テンプレート ID,設定テンプレート ID,参照関係(),false,false,false,true,true,true
000000000000000AAA,IndustriesSettings.IsAcademicInsightsAiEnabled,IsAcademicInsightsAiEnabled,IndustriesSettings,,IsAcademicInsightsAiEnabled,__MISSING LABEL__ PropertyFile - val IsAcademicInsightsAiEnabled not found in section udd_SettingsTemplate,__MISSING LABEL__ PropertyFile - val IsAcademicInsightsAiEnabled not found in section udd_SettingsTemplate,チェックボックス,false,false,false,true,true,true
000000000000000AAA,IndustriesSettings.IsAcademicOperationsEnabled,IsAcademicOperationsEnabled,IndustriesSettings,,IsAcademicOperationsEnabled,__MISSING LABEL__ PropertyFile - val IsAcademicOperationsEnabled not found in section udd_SettingsTemplate,__MISSING LABEL__ PropertyFile - val IsAcademicOperationsEnabled not found in section udd_SettingsTemplate,チェックボックス,false,false,false,true,true,true
000000000000000AAA,IndustriesSettings.IsAccessToMasterListOfCoverageTypesEnabled,IsAccessToMasterListOfCoverageTypesEnabled,IndustriesSettings,,IsAccessToMasterListOfCoverageTypesEnabled,__MISSING LABEL__ PropertyFile - val IsAccessToMasterListOfCoverageTypesEnabled not found in section udd_SettingsTemplate,__MISSING LABEL__ PropertyFile - val IsAccessToMasterListOfCoverageTypesEnabled not found in section udd_SettingsTemplate,チェックボックス,false,false,false,true,true,true
000000000000000AAA,IndustriesSettings.IsAccountBasedSharingEnabled,IsAccountBasedSharingEnabled,IndustriesSettings,,IsAccountBasedSharingEnabled,__MISSING LABEL__ PropertyFile - val IsAccountBasedSharingEnabled not found in section udd_SettingsTemplate,__MISSING LABEL__ PropertyFile - val IsAccountBasedSharingEnabled not found in section udd_SettingsTemplate,チェックボックス,false,false,false,true,true,true
000000000000000AAA,IndustriesSettings.IsAccountScoreEnabledEnabled,IsAccountScoreEnabledEnabled,IndustriesSettings,,IsAccountScoreEnabledEnabled,__MISSING LABEL__ PropertyFile - val IsAccountScoreEnabledEnabled not found in section udd_SettingsTemplate,__MISSING LABEL__ PropertyFile - val IsAccountScoreEnabledEnabled not found in section udd_SettingsTemplate,チェックボックス,false,false,false,true,true,true
000000000000000AAA,IndustriesSettings.IsActionableListDmoEnabled,IsActionableListDmoEnabled,IndustriesSettings,,IsActionableListDmoEnabled,__MISSING LABEL__ PropertyFile - val IsActionableListDmoEnabled not found in section udd_SettingsTemplate,__MISSING LABEL__ PropertyFile - val IsActionableListDmoEnabled not found in section udd_SettingsTemplate,チェックボックス,false,false,false,true,true,true
000000000000000AAA,IndustriesSettings.IsActionableListEnabled,IsActionableListEnabled,IndustriesSettings,,IsActionableListEnabled,__MISSING LABEL__ PropertyFile - val IsActionableListEnabled not found in section udd_SettingsTemplate,__MISSING LABEL__ PropertyFile - val IsActionableListEnabled not found in section udd_SettingsTemplate,チェックボックス,false,false,false,true,true,true
000000000000000AAA,IndustriesSettings.IsActionableListOrgPrefEnabled,IsActionableListOrgPrefEnabled,IndustriesSettings,,IsActionableListOrgPrefEnabled,__MISSING LABEL__ PropertyFile - val IsActionableListOrgPrefEnabled not found in section udd_SettingsTemplate,__MISSING LABEL__ PropertyFile - val IsActionableListOrgPrefEnabled not found in section udd_SettingsTemplate,チェックボックス,false,false,false,true,true,true
000000000000000AAA,IndustriesSettings.IsActionPlanTaskCommentEnabled,IsActionPlanTaskCommentEnabled,IndustriesSettings,,IsActionPlanTaskCommentEnabled,__MISSING LABEL__ PropertyFile - val IsActionPlanTaskCommentEnabled not found in section udd_SettingsTemplate,__MISSING LABEL__ PropertyFile - val IsActionPlanTaskCommentEnabled not found in section udd_SettingsTemplate,チェックボックス,false,false,false,true,true,true
000000000000000AAA,IndustriesSettings.IsAdvancedSchedulingEnabled,IsAdvancedSchedulingEnabled,IndustriesSettings,,IsAdvancedSchedulingEnabled,__MISSING LABEL__ PropertyFile - val IsAdvancedSchedulingEnabled not found in section udd_SettingsTemplate,__MISSING LABEL__ PropertyFile - val IsAdvancedSchedulingEnabled not found in section udd_SettingsTemplate,チェックボックス,false,false,false,true,true,true
000000000000000AAA,IndustriesSettings.IsAdvancementGenAiEnabled,IsAdvancementGenAiEnabled,IndustriesSettings,,IsAdvancementGenAiEnabled,__MISSING LABEL__ PropertyFile - val IsAdvancementGenAiEnabled not found in section udd_SettingsTemplate,__MISSING LABEL__ PropertyFile - val IsAdvancementGenAiEnabled not found in section udd_SettingsTemplate,チェックボックス,false,false,false,true,true,true
000000000000000AAA,IndustriesSettings.IsAdverseEventsEnabled,IsAdverseEventsEnabled,IndustriesSettings,,IsAdverseEventsEnabled,__MISSING LABEL__ PropertyFile - val IsAdverseEventsEnabled not found in section udd_SettingsTemplate,__MISSING LABEL__ PropertyFile - val IsAdverseEventsEnabled not found in section udd_SettingsTemplate,チェックボックス,false,false,false,true,true,true
000000000000000AAA,IndustriesSettings.IsAdvisingAgentEnabled,IsAdvisingAgentEnabled,IndustriesSettings,,IsAdvisingAgentEnabled,__MISSING LABEL__ PropertyFile - val IsAdvisingAgentEnabled not found in section udd_SettingsTemplate,__MISSING LABEL__ PropertyFile - val IsAdvisingAgentEnabled not found in section udd_SettingsTemplate,チェックボックス,false,false,false,true,true,true
000000000000000AAA,IndustriesSettings.IsAdvisingSummaryAiEnabled,IsAdvisingSummaryAiEnabled,IndustriesSettings,,IsAdvisingSummaryAiEnabled,__MISSING LABEL__ PropertyFile - val IsAdvisingSummaryAiEnabled not found in section udd_SettingsTemplate,__MISSING LABEL__ PropertyFile - val IsAdvisingSummaryAiEnabled not found in section udd_SettingsTemplate,チェックボックス,false,false,false,true,true,true
000000000000000AAA,IndustriesSettings.IsAiAcceleratorEnabled,IsAiAcceleratorEnabled,IndustriesSettings,,IsAiAcceleratorEnabled,__MISSING LABEL__ PropertyFile - val IsAiAcceleratorEnabled not found in section udd_SettingsTemplate,__MISSING LABEL__ PropertyFile - val IsAiAcceleratorEnabled not found in section udd_SettingsTemplate,チェックボックス,false,false,false,true,true,true
000000000000000AAA,IndustriesSettings.IsAiRelaResearchOrgPrefEnabled,IsAiRelaResearchOrgPrefEnabled,IndustriesSettings,,IsAiRelaResearchOrgPrefEnabled,__MISSING LABEL__ PropertyFile - val IsAiRelaResearchOrgPrefEnabled not found in section udd_SettingsTemplate,__MISSING LABEL__ PropertyFile - val IsAiRelaResearchOrgPrefEnabled not found in section udd_SettingsTemplate,チェックボックス,false,false,false,true,true,true
000000000000000AAA,IndustriesSettings.IsAlumniRelationsEnabled,IsAlumniRelationsEnabled,IndustriesSettings,,IsAlumniRelationsEnabled,__MISSING LABEL__ PropertyFile - val IsAlumniRelationsEnabled not found in section udd_SettingsTemplate,__MISSING LABEL__ PropertyFile - val IsAlumniRelationsEnabled not found in section udd_SettingsTemplate,チェックボックス,false,false,false,true,true,true
000000000000000AAA,IndustriesSettings.IsAnyResourceTypeOrgPrefEnabled,IsAnyResourceTypeOrgPrefEnabled,IndustriesSettings,,IsAnyResourceTypeOrgPrefEnabled,__MISSING LABEL__ PropertyFile - val IsAnyResourceTypeOrgPrefEnabled not found in section udd_SettingsTemplate,__MISSING LABEL__ PropertyFile - val IsAnyResourceTypeOrgPrefEnabled not found in section udd_SettingsTemplate,チェックボックス,false,false,false,true,true,true
000000000000000AAA,IndustriesSettings.IsAppAlertsEnabled,IsAppAlertsEnabled,IndustriesSettings,,IsAppAlertsEnabled,__MISSING LABEL__ PropertyFile - val IsAppAlertsEnabled not found in section udd_SettingsTemplate,__MISSING LABEL__ PropertyFile - val IsAppAlertsEnabled not found in section udd_SettingsTemplate,チェックボックス,false,false,false,true,true,true
000000000000000AAA,IndustriesSettings.IsAppFrmAnywhereOrgPrefEnabled,IsAppFrmAnywhereOrgPrefEnabled,IndustriesSettings,,IsAppFrmAnywhereOrgPrefEnabled,__MISSING LABEL__ PropertyFile - val IsAppFrmAnywhereOrgPrefEnabled not found in section udd_SettingsTemplate,__MISSING LABEL__ PropertyFile - val IsAppFrmAnywhereOrgPrefEnabled not found in section udd_SettingsTemplate,チェックボックス,false,false,false,true,true,true
000000000000000AAA,IndustriesSettings.IsAppInviteOrgPrefEnabled,IsAppInviteOrgPrefEnabled,IndustriesSettings,,IsAppInviteOrgPrefEnabled,__MISSING LABEL__ PropertyFile - val IsAppInviteOrgPrefEnabled not found in section udd_SettingsTemplate,__MISSING LABEL__ PropertyFile - val IsAppInviteOrgPrefEnabled not found in section udd_SettingsTemplate,チェックボックス,false,false,false,true,true,true
000000000000000AAA,IndustriesSettings.IsApplnDecStdSharingEnabled,IsApplnDecStdSharingEnabled,IndustriesSettings,,IsApplnDecStdSharingEnabled,__MISSING LABEL__ PropertyFile - val IsApplnDecStdSharingEnabled not found in section udd_SettingsTemplate,__MISSING LABEL__ PropertyFile - val IsApplnDecStdSharingEnabled not found in section udd_SettingsTemplate,チェックボックス,false,false,false,true,true,true
000000000000000AAA,IndustriesSettings.IsAppraisalMgmtEnabled,IsAppraisalMgmtEnabled,IndustriesSettings,,IsAppraisalMgmtEnabled,__MISSING LABEL__ PropertyFile - val IsAppraisalMgmtEnabled not found in section udd_SettingsTemplate,__MISSING LABEL__ PropertyFile - val IsAppraisalMgmtEnabled not found in section udd_SettingsTemplate,チェックボックス,false,false,false,true,true,true
000000000000000AAA,IndustriesSettings.IsAutoApprovePaSettingEnabled,IsAutoApprovePaSettingEnabled,IndustriesSettings,,IsAutoApprovePaSettingEnabled,__MISSING LABEL__ PropertyFile - val IsAutoApprovePaSettingEnabled not found in section udd_SettingsTemplate,__MISSING LABEL__ PropertyFile - val IsAutoApprovePaSettingEnabled not found in section udd_SettingsTemplate,チェックボックス,false,false,false,true,true,true
000000000000000AAA,IndustriesSettings.IsAutoComplaintSummaryPrefEnabled,IsAutoComplaintSummaryPrefEnabled,IndustriesSettings,,IsAutoComplaintSummaryPrefEnabled,__MISSING LABEL__ PropertyFile - val IsAutoComplaintSummaryPrefEnabled not found in section udd_SettingsTemplate,__MISSING LABEL__ PropertyFile - val IsAutoComplaintSummaryPrefEnabled not found in section udd_SettingsTemplate,チェックボックス,false,false,false,true,true,true
000000000000000AAA,IndustriesSettings.IsAutoIdentifyDocAiTemplateEnabled,IsAutoIdentifyDocAiTemplateEnabled,IndustriesSettings,,IsAutoIdentifyDocAiTemplateEnabled,__MISSING LABEL__ PropertyFile - val IsAutoIdentifyDocAiTemplateEnabled not found in section udd_SettingsTemplate,__MISSING LABEL__ PropertyFile - val IsAutoIdentifyDocAiTemplateEnabled not found in section udd_SettingsTemplate,チェックボックス,false,false,false,true,true,true
000000000000000AAA,IndustriesSettings.IsAutoSaveMcgAssmtSettingEnabled,IsAutoSaveMcgAssmtSettingEnabled,IndustriesSettings,,IsAutoSaveMcgAssmtSettingEnabled,__MISSING LABEL__ PropertyFile - val IsAutoSaveMcgAssmtSettingEnabled not found in section udd_SettingsTemplate,__MISSING LABEL__ PropertyFile - val IsAutoSaveMcgAssmtSettingEnabled not found in section udd_SettingsTemplate,チェックボックス,false,false,false,true,true,true
000000000000000AAA,IndustriesSettings.IsAwsTextractAnalyzeIdPrefEnabled,IsAwsTextractAnalyzeIdPrefEnabled,IndustriesSettings,,IsAwsTextractAnalyzeIdPrefEnabled,__MISSING LABEL__ PropertyFile - val IsAwsTextractAnalyzeIdPrefEnabled not found in section udd_SettingsTemplate,__MISSING LABEL__ PropertyFile - val IsAwsTextractAnalyzeIdPrefEnabled not found in section udd_SettingsTemplate,チェックボックス,false,false,false,true,true,true
000000000000000AAA,IndustriesSettings.IsAwsTextractQueriesPrefEnabled,IsAwsTextractQueriesPrefEnabled,IndustriesSettings,,IsAwsTextractQueriesPrefEnabled,__MISSING LABEL__ PropertyFile - val IsAwsTextractQueriesPrefEnabled not found in section udd_SettingsTemplate,__MISSING LABEL__ PropertyFile - val IsAwsTextractQueriesPrefEnabled not found in section udd_SettingsTemplate,チェックボックス,false,false,false,true,true,true
000000000000000AAA,IndustriesSettings.IsAwsTextractTablesPrefEnabled,IsAwsTextractTablesPrefEnabled,IndustriesSettings,,IsAwsTextractTablesPrefEnabled,__MISSING LABEL__ PropertyFile - val IsAwsTextractTablesPrefEnabled not found in section udd_SettingsTemplate,__MISSING LABEL__ PropertyFile - val IsAwsTextractTablesPrefEnabled not found in section udd_SettingsTemplate,チェックボックス,false,false,false,true,true,true
000000000000000AAA,IndustriesSettings.IsB2BaccountPlanEnabled,IsB2BaccountPlanEnabled,IndustriesSettings,,IsB2BaccountPlanEnabled,__MISSING LABEL__ PropertyFile - val IsB2BaccountPlanEnabled not found in section udd_SettingsTemplate,__MISSING LABEL__ PropertyFile - val IsB2BaccountPlanEnabled not found in section udd_SettingsTemplate,チェックボックス,false,false,false,true,true,true
000000000000000AAA,IndustriesSettings.IsB2BeinsteinEnabled,IsB2BeinsteinEnabled,IndustriesSettings,,IsB2BeinsteinEnabled,__MISSING LABEL__ PropertyFile - val IsB2BeinsteinEnabled not found in section udd_SettingsTemplate,__MISSING LABEL__ PropertyFile - val IsB2BeinsteinEnabled not found in section udd_SettingsTemplate,チェックボックス,false,false,false,true,true,true
000000000000000AAA,IndustriesSettings.IsB2Benabled,IsB2Benabled,IndustriesSettings,,IsB2Benabled,__MISSING LABEL__ PropertyFile - val IsB2Benabled not found in section udd_SettingsTemplate,__MISSING LABEL__ PropertyFile - val IsB2Benabled not found in section udd_SettingsTemplate,チェックボックス,false,false,false,true,true,true
000000000000000AAA,IndustriesSettings.IsB2BrmAgentEnabled,IsB2BrmAgentEnabled,IndustriesSettings,,IsB2BrmAgentEnabled,__MISSING LABEL__ PropertyFile - val IsB2BrmAgentEnabled not found in section udd_SettingsTemplate,__MISSING LABEL__ PropertyFile - val IsB2BrmAgentEnabled not found in section udd_SettingsTemplate,チェックボックス,false,false,false,true,true,true
000000000000000AAA,IndustriesSettings.IsBatchIdExtractAndTransformEnabled,IsBatchIdExtractAndTransformEnabled,IndustriesSettings,,IsBatchIdExtractAndTransformEnabled,__MISSING LABEL__ PropertyFile - val IsBatchIdExtractAndTransformEnabled not found in section udd_SettingsTemplate,__MISSING LABEL__ PropertyFile - val IsBatchIdExtractAndTransformEnabled not found in section udd_SettingsTemplate,チェックボックス,false,false,false,true,true,true
000000000000000AAA,IndustriesSettings.IsBatchIntelligentDocExtrctPrefEnabled,IsBatchIntelligentDocExtrctPrefEnabled,IndustriesSettings,,IsBatchIntelligentDocExtrctPrefEnabled,__MISSING LABEL__ PropertyFile - val IsBatchIntelligentDocExtrctPrefEnabled not found in section udd_SettingsTemplate,__MISSING LABEL__ PropertyFile - val IsBatchIntelligentDocExtrctPrefEnabled not found in section udd_SettingsTemplate,チェックボックス,false,false,false,true,true,true
000000000000000AAA,IndustriesSettings.IsBehavioralHealthAppPrefEnabled,IsBehavioralHealthAppPrefEnabled,IndustriesSettings,,IsBehavioralHealthAppPrefEnabled,__MISSING LABEL__ PropertyFile - val IsBehavioralHealthAppPrefEnabled not found in section udd_SettingsTemplate,__MISSING LABEL__ PropertyFile - val IsBehavioralHealthAppPrefEnabled not found in section udd_SettingsTemplate,チェックボックス,false,false,false,true,true,true
000000000000000AAA,IndustriesSettings.IsBenefitAndGoalSharingPrefEnabled,IsBenefitAndGoalSharingPrefEnabled,IndustriesSettings,,IsBenefitAndGoalSharingPrefEnabled,__MISSING LABEL__ PropertyFile - val IsBenefitAndGoalSharingPrefEnabled not found in section udd_SettingsTemplate,__MISSING LABEL__ PropertyFile - val IsBenefitAndGoalSharingPrefEnabled not found in section udd_SettingsTemplate,チェックボックス,false,false,false,true,true,true
000000000000000AAA,IndustriesSettings.IsBenefitManagementPreferenceEnabled,IsBenefitManagementPreferenceEnabled,IndustriesSettings,,IsBenefitManagementPreferenceEnabled,__MISSING LABEL__ PropertyFile - val IsBenefitManagementPreferenceEnabled not found in section udd_SettingsTemplate,__MISSING LABEL__ PropertyFile - val IsBenefitManagementPreferenceEnabled not found in section udd_SettingsTemplate,チェックボックス,false,false,false,true,true,true
000000000000000AAA,IndustriesSettings.IsBlockResourceAvailabilityOrgPrefEnabled,IsBlockResourceAvailabilityOrgPrefEnabled,IndustriesSettings,,IsBlockResourceAvailabilityOrgPrefEnabled,__MISSING LABEL__ PropertyFile - val IsBlockResourceAvailabilityOrgPrefEnabled not found in section udd_SettingsTemplate,__MISSING LABEL__ PropertyFile - val IsBlockResourceAvailabilityOrgPrefEnabled not found in section udd_SettingsTemplate,チェックボックス,false,false,false,true,true,true
000000000000000AAA,IndustriesSettings.IsBusinessHierarchyPrefEnabled,IsBusinessHierarchyPrefEnabled,IndustriesSettings,,IsBusinessHierarchyPrefEnabled,__MISSING LABEL__ PropertyFile - val IsBusinessHierarchyPrefEnabled not found in section udd_SettingsTemplate,__MISSING LABEL__ PropertyFile - val IsBusinessHierarchyPrefEnabled not found in section udd_SettingsTemplate,チェックボックス,false,false,false,true,true,true
000000000000000AAA,IndustriesSettings.IsBusinessMessengerEnabled,IsBusinessMessengerEnabled,IndustriesSettings,,IsBusinessMessengerEnabled,__MISSING LABEL__ PropertyFile - val IsBusinessMessengerEnabled not found in section udd_SettingsTemplate,__MISSING LABEL__ PropertyFile - val IsBusinessMessengerEnabled not found in section udd_SettingsTemplate,チェックボックス,false,false,false,true,true,true
000000000000000AAA,IndustriesSettings.IsBypassPgmEnrlCrdnltyEnabled,IsBypassPgmEnrlCrdnltyEnabled,IndustriesSettings,,IsBypassPgmEnrlCrdnltyEnabled,__MISSING LABEL__ PropertyFile - val IsBypassPgmEnrlCrdnltyEnabled not found in section udd_SettingsTemplate,__MISSING LABEL__ PropertyFile - val IsBypassPgmEnrlCrdnltyEnabled not found in section udd_SettingsTemplate,チェックボックス,false,false,false,true,true,true
000000000000000AAA,IndustriesSettings.IsCalculationDetailEnabled,IsCalculationDetailEnabled,IndustriesSettings,,IsCalculationDetailEnabled,__MISSING LABEL__ PropertyFile - val IsCalculationDetailEnabled not found in section udd_SettingsTemplate,__MISSING LABEL__ PropertyFile - val IsCalculationDetailEnabled not found in section udd_SettingsTemplate,チェックボックス,false,false,false,true,true,true
000000000000000AAA,IndustriesSettings.IsCalculationUsingParentPolicyOnlyEnabled,IsCalculationUsingParentPolicyOnlyEnabled,IndustriesSettings,,IsCalculationUsingParentPolicyOnlyEnabled,__MISSING LABEL__ PropertyFile - val IsCalculationUsingParentPolicyOnlyEnabled not found in section udd_SettingsTemplate,__MISSING LABEL__ PropertyFile - val IsCalculationUsingParentPolicyOnlyEnabled not found in section udd_SettingsTemplate,チェックボックス,false,false,false,true,true,true
000000000000000AAA,IndustriesSettings.IsCallReportAdminContextPrefEnabled,IsCallReportAdminContextPrefEnabled,IndustriesSettings,,IsCallReportAdminContextPrefEnabled,__MISSING LABEL__ PropertyFile - val IsCallReportAdminContextPrefEnabled not found in section udd_SettingsTemplate,__MISSING LABEL__ PropertyFile - val IsCallReportAdminContextPrefEnabled not found in section udd_SettingsTemplate,チェックボックス,false,false,false,true,true,true
000000000000000AAA,IndustriesSettings.IsCandidateMatchingEnabled,IsCandidateMatchingEnabled,IndustriesSettings,,IsCandidateMatchingEnabled,__MISSING LABEL__ PropertyFile - val IsCandidateMatchingEnabled not found in section udd_SettingsTemplate,__MISSING LABEL__ PropertyFile - val IsCandidateMatchingEnabled not found in section udd_SettingsTemplate,チェックボックス,false,false,false,true,true,true
000000000000000AAA,IndustriesSettings.IsCapacitySchedulingPrefEnabled,IsCapacitySchedulingPrefEnabled,IndustriesSettings,,IsCapacitySchedulingPrefEnabled,__MISSING LABEL__ PropertyFile - val IsCapacitySchedulingPrefEnabled not found in section udd_SettingsTemplate,__MISSING LABEL__ PropertyFile - val IsCapacitySchedulingPrefEnabled not found in section udd_SettingsTemplate,チェックボックス,false,false,false,true,true,true
000000000000000AAA,IndustriesSettings.IsCareGapPrefSettingEnabled,IsCareGapPrefSettingEnabled,IndustriesSettings,,IsCareGapPrefSettingEnabled,__MISSING LABEL__ PropertyFile - val IsCareGapPrefSettingEnabled not found in section udd_SettingsTemplate,__MISSING LABEL__ PropertyFile - val IsCareGapPrefSettingEnabled not found in section udd_SettingsTemplate,チェックボックス,false,false,false,true,true,true
000000000000000AAA,IndustriesSettings.IsCareMgmtSlackAccessEnabled,IsCareMgmtSlackAccessEnabled,IndustriesSettings,,IsCareMgmtSlackAccessEnabled,__MISSING LABEL__ PropertyFile - val IsCareMgmtSlackAccessEnabled not found in section udd_SettingsTemplate,__MISSING LABEL__ PropertyFile - val IsCareMgmtSlackAccessEnabled not found in section udd_SettingsTemplate,チェックボックス,false,false,false,true,true,true
000000000000000AAA,IndustriesSettings.IsCarePlansPreferenceEnabled,IsCarePlansPreferenceEnabled,IndustriesSettings,,IsCarePlansPreferenceEnabled,__MISSING LABEL__ PropertyFile - val IsCarePlansPreferenceEnabled not found in section udd_SettingsTemplate,__MISSING LABEL__ PropertyFile - val IsCarePlansPreferenceEnabled not found in section udd_SettingsTemplate,チェックボックス,false,false,false,true,true,true
000000000000000AAA,IndustriesSettings.IsCareTaskSharingSettingEnabled,IsCareTaskSharingSettingEnabled,IndustriesSettings,,IsCareTaskSharingSettingEnabled,__MISSING LABEL__ PropertyFile - val IsCareTaskSharingSettingEnabled not found in section udd_SettingsTemplate,__MISSING LABEL__ PropertyFile - val IsCareTaskSharingSettingEnabled not found in section udd_SettingsTemplate,チェックボックス,false,false,false,true,true,true
000000000000000AAA,IndustriesSettings.IsCaseProceedingsPrefEnabled,IsCaseProceedingsPrefEnabled,IndustriesSettings,,IsCaseProceedingsPrefEnabled,__MISSING LABEL__ PropertyFile - val IsCaseProceedingsPrefEnabled not found in section udd_SettingsTemplate,__MISSING LABEL__ PropertyFile - val IsCaseProceedingsPrefEnabled not found in section udd_SettingsTemplate,チェックボックス,false,false,false,true,true,true
000000000000000AAA,IndustriesSettings.IsCaseReferralPrefEnabled,IsCaseReferralPrefEnabled,IndustriesSettings,,IsCaseReferralPrefEnabled,__MISSING LABEL__ PropertyFile - val IsCaseReferralPrefEnabled not found in section udd_SettingsTemplate,__MISSING LABEL__ PropertyFile - val IsCaseReferralPrefEnabled not found in section udd_SettingsTemplate,チェックボックス,false,false,false,true,true,true
000000000000000AAA,IndustriesSettings.IsCbsfAnyWordSearchEnabled,IsCbsfAnyWordSearchEnabled,IndustriesSettings,,IsCbsfAnyWordSearchEnabled,__MISSING LABEL__ PropertyFile - val IsCbsfAnyWordSearchEnabled not found in section udd_SettingsTemplate,__MISSING LABEL__ PropertyFile - val IsCbsfAnyWordSearchEnabled not found in section udd_SettingsTemplate,チェックボックス,false,false,false,true,true,true
000000000000000AAA,IndustriesSettings.IsCdpSalesExcellenceEnabled,IsCdpSalesExcellenceEnabled,IndustriesSettings,,IsCdpSalesExcellenceEnabled,__MISSING LABEL__ PropertyFile - val IsCdpSalesExcellenceEnabled not found in section udd_SettingsTemplate,__MISSING LABEL__ PropertyFile - val IsCdpSalesExcellenceEnabled not found in section udd_SettingsTemplate,チェックボックス,false,false,false,true,true,true
000000000000000AAA,IndustriesSettings.IsCdsAppFormProdSiteUsersEnabled,IsCdsAppFormProdSiteUsersEnabled,IndustriesSettings,,IsCdsAppFormProdSiteUsersEnabled,__MISSING LABEL__ PropertyFile - val IsCdsAppFormProdSiteUsersEnabled not found in section udd_SettingsTemplate,__MISSING LABEL__ PropertyFile - val IsCdsAppFormProdSiteUsersEnabled not found in section udd_SettingsTemplate,チェックボックス,false,false,false,true,true,true
000000000000000AAA,IndustriesSettings.IsCdsAppFormSiteUsersEnabled,IsCdsAppFormSiteUsersEnabled,IndustriesSettings,,IsCdsAppFormSiteUsersEnabled,__MISSING LABEL__ PropertyFile - val IsCdsAppFormSiteUsersEnabled not found in section udd_SettingsTemplate,__MISSING LABEL__ PropertyFile - val IsCdsAppFormSiteUsersEnabled not found in section udd_SettingsTemplate,チェックボックス,false,false,false,true,true,true
000000000000000AAA,IndustriesSettings.IsCdsApplicationFormEnabled,IsCdsApplicationFormEnabled,IndustriesSettings,,IsCdsApplicationFormEnabled,__MISSING LABEL__ PropertyFile - val IsCdsApplicationFormEnabled not found in section udd_SettingsTemplate,__MISSING LABEL__ PropertyFile - val IsCdsApplicationFormEnabled not found in section udd_SettingsTemplate,チェックボックス,false,false,false,true,true,true
000000000000000AAA,IndustriesSettings.IsCdsApplicationFormProductEnabled,IsCdsApplicationFormProductEnabled,IndustriesSettings,,IsCdsApplicationFormProductEnabled,__MISSING LABEL__ PropertyFile - val IsCdsApplicationFormProductEnabled not found in section udd_SettingsTemplate,__MISSING LABEL__ PropertyFile - val IsCdsApplicationFormProductEnabled not found in section udd_SettingsTemplate,チェックボックス,false,false,false,true,true,true
000000000000000AAA,IndustriesSettings.IsCdsAssetDataSharingParticipantEnabled,IsCdsAssetDataSharingParticipantEnabled,IndustriesSettings,,IsCdsAssetDataSharingParticipantEnabled,__MISSING LABEL__ PropertyFile - val IsCdsAssetDataSharingParticipantEnabled not found in section udd_SettingsTemplate,__MISSING LABEL__ PropertyFile - val IsCdsAssetDataSharingParticipantEnabled not found in section udd_SettingsTemplate,チェックボックス,false,false,false,true,true,true
000000000000000AAA,IndustriesSettings.IsCdsAssetDataSharingParticipantExprcEnabled,IsCdsAssetDataSharingParticipantExprcEnabled,IndustriesSettings,,IsCdsAssetDataSharingParticipantExprcEnabled,__MISSING LABEL__ PropertyFile - val IsCdsAssetDataSharingParticipantExprcEnabled not found in section udd_SettingsTemplate,__MISSING LABEL__ PropertyFile - val IsCdsAssetDataSharingParticipantExprcEnabled not found in section udd_SettingsTemplate,チェックボックス,false,false,false,true,true,true
000000000000000AAA,IndustriesSettings.IsCdsBusinessOperProcEnabled,IsCdsBusinessOperProcEnabled,IndustriesSettings,,IsCdsBusinessOperProcEnabled,__MISSING LABEL__ PropertyFile - val IsCdsBusinessOperProcEnabled not found in section udd_SettingsTemplate,__MISSING LABEL__ PropertyFile - val IsCdsBusinessOperProcEnabled not found in section udd_SettingsTemplate,チェックボックス,false,false,false,true,true,true
000000000000000AAA,IndustriesSettings.IsCdsCmplControlEnabled,IsCdsCmplControlEnabled,IndustriesSettings,,IsCdsCmplControlEnabled,__MISSING LABEL__ PropertyFile - val IsCdsCmplControlEnabled not found in section udd_SettingsTemplate,__MISSING LABEL__ PropertyFile - val IsCdsCmplControlEnabled not found in section udd_SettingsTemplate,チェックボックス,false,false,false,true,true,true
000000000000000AAA,IndustriesSettings.IsCdsCmplPolicyEnabled,IsCdsCmplPolicyEnabled,IndustriesSettings,,IsCdsCmplPolicyEnabled,__MISSING LABEL__ PropertyFile - val IsCdsCmplPolicyEnabled not found in section udd_SettingsTemplate,__MISSING LABEL__ PropertyFile - val IsCdsCmplPolicyEnabled not found in section udd_SettingsTemplate,チェックボックス,false,false,false,true,true,true
000000000000000AAA,IndustriesSettings.IsCdsDeleteCopRecordByParentOwnerEnabled,IsCdsDeleteCopRecordByParentOwnerEnabled,IndustriesSettings,,IsCdsDeleteCopRecordByParentOwnerEnabled,__MISSING LABEL__ PropertyFile - val IsCdsDeleteCopRecordByParentOwnerEnabled not found in section udd_SettingsTemplate,__MISSING LABEL__ PropertyFile - val IsCdsDeleteCopRecordByParentOwnerEnabled not found in section udd_SettingsTemplate,チェックボックス,false,false,false,true,true,true
000000000000000AAA,IndustriesSettings.IsCdsPartyProfileEnabled,IsCdsPartyProfileEnabled,IndustriesSettings,,IsCdsPartyProfileEnabled,__MISSING LABEL__ PropertyFile - val IsCdsPartyProfileEnabled not found in section udd_SettingsTemplate,__MISSING LABEL__ PropertyFile - val IsCdsPartyProfileEnabled not found in section udd_SettingsTemplate,チェックボックス,false,false,false,true,true,true
000000000000000AAA,IndustriesSettings.IsCdsPartyProfileSiteUsersEnabled,IsCdsPartyProfileSiteUsersEnabled,IndustriesSettings,,IsCdsPartyProfileSiteUsersEnabled,__MISSING LABEL__ PropertyFile - val IsCdsPartyProfileSiteUsersEnabled not found in section udd_SettingsTemplate,__MISSING LABEL__ PropertyFile - val IsCdsPartyProfileSiteUsersEnabled not found in section udd_SettingsTemplate,チェックボックス,false,false,false,true,true,true
000000000000000AAA,IndustriesSettings.IsCdsRegulationEnabled,IsCdsRegulationEnabled,IndustriesSettings,,IsCdsRegulationEnabled,__MISSING LABEL__ PropertyFile - val IsCdsRegulationEnabled not found in section udd_SettingsTemplate,__MISSING LABEL__ PropertyFile - val IsCdsRegulationEnabled not found in section udd_SettingsTemplate,チェックボックス,false,false,false,true,true,true
000000000000000AAA,IndustriesSettings.IsCdsValidationProcEnabled,IsCdsValidationProcEnabled,IndustriesSettings,,IsCdsValidationProcEnabled,__MISSING LABEL__ PropertyFile - val IsCdsValidationProcEnabled not found in section udd_SettingsTemplate,__MISSING LABEL__ PropertyFile - val IsCdsValidationProcEnabled not found in section udd_SettingsTemplate,チェックボックス,false,false,false,true,true,true
000000000000000AAA,IndustriesSettings.IsChurnPredictionRtEnabled,IsChurnPredictionRtEnabled,IndustriesSettings,,IsChurnPredictionRtEnabled,__MISSING LABEL__ PropertyFile - val IsChurnPredictionRtEnabled not found in section udd_SettingsTemplate,__MISSING LABEL__ PropertyFile - val IsChurnPredictionRtEnabled not found in section udd_SettingsTemplate,チェックボックス,false,false,false,true,true,true
000000000000000AAA,IndustriesSettings.IsClaimMgmtEnabled,IsClaimMgmtEnabled,IndustriesSettings,,IsClaimMgmtEnabled,__MISSING LABEL__ PropertyFile - val IsClaimMgmtEnabled not found in section udd_SettingsTemplate,__MISSING LABEL__ PropertyFile - val IsClaimMgmtEnabled not found in section udd_SettingsTemplate,チェックボックス,false,false,false,true,true,true
000000000000000AAA,IndustriesSettings.IsClauseGenerationPrefEnabled,IsClauseGenerationPrefEnabled,IndustriesSettings,,IsClauseGenerationPrefEnabled,__MISSING LABEL__ PropertyFile - val IsClauseGenerationPrefEnabled not found in section udd_SettingsTemplate,__MISSING LABEL__ PropertyFile - val IsClauseGenerationPrefEnabled not found in section udd_SettingsTemplate,チェックボックス,false,false,false,true,true,true
000000000000000AAA,IndustriesSettings.IsClinicalDataModelEnabled,IsClinicalDataModelEnabled,IndustriesSettings,,IsClinicalDataModelEnabled,__MISSING LABEL__ PropertyFile - val IsClinicalDataModelEnabled not found in section udd_SettingsTemplate,__MISSING LABEL__ PropertyFile - val IsClinicalDataModelEnabled not found in section udd_SettingsTemplate,チェックボックス,false,false,false,true,true,true
000000000000000AAA,IndustriesSettings.IsCmplControlTestPrefEnabled,IsCmplControlTestPrefEnabled,IndustriesSettings,,IsCmplControlTestPrefEnabled,__MISSING LABEL__ PropertyFile - val IsCmplControlTestPrefEnabled not found in section udd_SettingsTemplate,__MISSING LABEL__ PropertyFile - val IsCmplControlTestPrefEnabled not found in section udd_SettingsTemplate,チェックボックス,false,false,false,true,true,true
000000000000000AAA,IndustriesSettings.IsCmplLogUseUserLocaleEnabled,IsCmplLogUseUserLocaleEnabled,IndustriesSettings,,IsCmplLogUseUserLocaleEnabled,__MISSING LABEL__ PropertyFile - val IsCmplLogUseUserLocaleEnabled not found in section udd_SettingsTemplate,__MISSING LABEL__ PropertyFile - val IsCmplLogUseUserLocaleEnabled not found in section udd_SettingsTemplate,チェックボックス,false,false,false,true,true,true
000000000000000AAA,IndustriesSettings.IsCmplntMgmtSklCoCmtyPrefEnabled,IsCmplntMgmtSklCoCmtyPrefEnabled,IndustriesSettings,,IsCmplntMgmtSklCoCmtyPrefEnabled,__MISSING LABEL__ PropertyFile - val IsCmplntMgmtSklCoCmtyPrefEnabled not found in section udd_SettingsTemplate,__MISSING LABEL__ PropertyFile - val IsCmplntMgmtSklCoCmtyPrefEnabled not found in section udd_SettingsTemplate,チェックボックス,false,false,false,true,true,true
000000000000000AAA,IndustriesSettings.IsCmplStatusTransValidationEnabled,IsCmplStatusTransValidationEnabled,IndustriesSettings,,IsCmplStatusTransValidationEnabled,__MISSING LABEL__ PropertyFile - val IsCmplStatusTransValidationEnabled not found in section udd_SettingsTemplate,__MISSING LABEL__ PropertyFile - val IsCmplStatusTransValidationEnabled not found in section udd_SettingsTemplate,チェックボックス,false,false,false,true,true,true
000000000000000AAA,IndustriesSettings.IsCollectionFlowOpsEnabled,IsCollectionFlowOpsEnabled,IndustriesSettings,,IsCollectionFlowOpsEnabled,__MISSING LABEL__ PropertyFile - val IsCollectionFlowOpsEnabled not found in section udd_SettingsTemplate,__MISSING LABEL__ PropertyFile - val IsCollectionFlowOpsEnabled not found in section udd_SettingsTemplate,チェックボックス,false,false,false,true,true,true
000000000000000AAA,IndustriesSettings.IsCollectionRiskScoringCfeEnabled,IsCollectionRiskScoringCfeEnabled,IndustriesSettings,,IsCollectionRiskScoringCfeEnabled,__MISSING LABEL__ PropertyFile - val IsCollectionRiskScoringCfeEnabled not found in section udd_SettingsTemplate,__MISSING LABEL__ PropertyFile - val IsCollectionRiskScoringCfeEnabled not found in section udd_SettingsTemplate,チェックボックス,false,false,false,true,true,true
000000000000000AAA,IndustriesSettings.IsCollectionTimelineEnabled,IsCollectionTimelineEnabled,IndustriesSettings,,IsCollectionTimelineEnabled,__MISSING LABEL__ PropertyFile - val IsCollectionTimelineEnabled not found in section udd_SettingsTemplate,__MISSING LABEL__ PropertyFile - val IsCollectionTimelineEnabled not found in section udd_SettingsTemplate,チェックボックス,false,false,false,true,true,true
000000000000000AAA,IndustriesSettings.IsComparisonViewAiEnabled,IsComparisonViewAiEnabled,IndustriesSettings,,IsComparisonViewAiEnabled,__MISSING LABEL__ PropertyFile - val IsComparisonViewAiEnabled not found in section udd_SettingsTemplate,__MISSING LABEL__ PropertyFile - val IsComparisonViewAiEnabled not found in section udd_SettingsTemplate,チェックボックス,false,false,false,true,true,true
000000000000000AAA,IndustriesSettings.IsComplianceClauseExtrctPrefEnabled,IsComplianceClauseExtrctPrefEnabled,IndustriesSettings,,IsComplianceClauseExtrctPrefEnabled,__MISSING LABEL__ PropertyFile - val IsComplianceClauseExtrctPrefEnabled not found in section udd_SettingsTemplate,__MISSING LABEL__ PropertyFile - val IsComplianceClauseExtrctPrefEnabled not found in section udd_SettingsTemplate,チェックボックス,false,false,false,true,true,true
000000000000000AAA,IndustriesSettings.IsCompliantDataSharingForAccountEnabled,IsCompliantDataSharingForAccountEnabled,IndustriesSettings,,IsCompliantDataSharingForAccountEnabled,__MISSING LABEL__ PropertyFile - val IsCompliantDataSharingForAccountEnabled not found in section udd_SettingsTemplate,__MISSING LABEL__ PropertyFile - val IsCompliantDataSharingForAccountEnabled not found in section udd_SettingsTemplate,チェックボックス,false,false,false,true,true,true
000000000000000AAA,IndustriesSettings.IsCompliantDataSharingForBudgetEnabled,IsCompliantDataSharingForBudgetEnabled,IndustriesSettings,,IsCompliantDataSharingForBudgetEnabled,__MISSING LABEL__ PropertyFile - val IsCompliantDataSharingForBudgetEnabled not found in section udd_SettingsTemplate,__MISSING LABEL__ PropertyFile - val IsCompliantDataSharingForBudgetEnabled not found in section udd_SettingsTemplate,チェックボックス,false,false,false,true,true,true
000000000000000AAA,IndustriesSettings.IsCompliantDataSharingForBudgetSiteUsersEnabled,IsCompliantDataSharingForBudgetSiteUsersEnabled,IndustriesSettings,,IsCompliantDataSharingForBudgetSiteUsersEnabled,__MISSING LABEL__ PropertyFile - val IsCompliantDataSharingForBudgetSiteUsersEnabled not found in section udd_SettingsTemplate,__MISSING LABEL__ PropertyFile - val IsCompliantDataSharingForBudgetSiteUsersEnabled not found in section udd_SettingsTemplate,チェックボックス,false,false,false,true,true,true
000000000000000AAA,IndustriesSettings.IsCompliantDataSharingForCustomObjectsEnabled,IsCompliantDataSharingForCustomObjectsEnabled,IndustriesSettings,,IsCompliantDataSharingForCustomObjectsEnabled,__MISSING LABEL__ PropertyFile - val IsCompliantDataSharingForCustomObjectsEnabled not found in section udd_SettingsTemplate,__MISSING LABEL__ PropertyFile - val IsCompliantDataSharingForCustomObjectsEnabled not found in section udd_SettingsTemplate,チェックボックス,false,false,false,true,true,true
000000000000000AAA,IndustriesSettings.IsCompliantDataSharingForFinancialDealEnabled,IsCompliantDataSharingForFinancialDealEnabled,IndustriesSettings,,IsCompliantDataSharingForFinancialDealEnabled,__MISSING LABEL__ PropertyFile - val IsCompliantDataSharingForFinancialDealEnabled not found in section udd_SettingsTemplate,__MISSING LABEL__ PropertyFile - val IsCompliantDataSharingForFinancialDealEnabled not found in section udd_SettingsTemplate,チェックボックス,false,false,false,true,true,true
000000000000000AAA,IndustriesSettings.IsCompliantDataSharingForFundingAwardEnabled,IsCompliantDataSharingForFundingAwardEnabled,IndustriesSettings,,IsCompliantDataSharingForFundingAwardEnabled,__MISSING LABEL__ PropertyFile - val IsCompliantDataSharingForFundingAwardEnabled not found in section udd_SettingsTemplate,__MISSING LABEL__ PropertyFile - val IsCompliantDataSharingForFundingAwardEnabled not found in section udd_SettingsTemplate,チェックボックス,false,false,false,true,true,true
000000000000000AAA,IndustriesSettings.IsCompliantDataSharingForFundingAwardSiteUsersEnabled,IsCompliantDataSharingForFundingAwardSiteUsersEnabled,IndustriesSettings,,IsCompliantDataSharingForFundingAwardSiteUsersEnabled,__MISSING LABEL__ PropertyFile - val IsCompliantDataSharingForFundingAwardSiteUsersEnabled not found in section udd_SettingsTemplate,__MISSING LABEL__ PropertyFile - val IsCompliantDataSharingForFundingAwardSiteUsersEnabled not found in section udd_SettingsTemplate,チェックボックス,false,false,false,true,true,true
000000000000000AAA,IndustriesSettings.IsCompliantDataSharingForFundingOpportunityEnabled,IsCompliantDataSharingForFundingOpportunityEnabled,IndustriesSettings,,IsCompliantDataSharingForFundingOpportunityEnabled,__MISSING LABEL__ PropertyFile - val IsCompliantDataSharingForFundingOpportunityEnabled not found in section udd_SettingsTemplate,__MISSING LABEL__ PropertyFile - val IsCompliantDataSharingForFundingOpportunityEnabled not found in section udd_SettingsTemplate,チェックボックス,false,false,false,true,true,true
000000000000000AAA,IndustriesSettings.IsCompliantDataSharingForFundingOpportunitySiteUsersEnabled,IsCompliantDataSharingForFundingOpportunitySiteUsersEnabled,IndustriesSettings,,IsCompliantDataSharingForFundingOpportunitySiteUsersEnabled,__MISSING LABEL__ PropertyFile - val IsCompliantDataSharingForFundingOpportunitySiteUsersEnabled not found in section udd_SettingsTemplate,__MISSING LABEL__ PropertyFile - val IsCompliantDataSharingForFundingOpportunitySiteUsersEnabled not found in section udd_SettingsTemplate,チェックボックス,false,false,false,true,true,true
000000000000000AAA,IndustriesSettings.IsCompliantDataSharingForIndividualApplicationEnabled,IsCompliantDataSharingForIndividualApplicationEnabled,IndustriesSettings,,IsCompliantDataSharingForIndividualApplicationEnabled,__MISSING LABEL__ PropertyFile - val IsCompliantDataSharingForIndividualApplicationEnabled not found in section udd_SettingsTemplate,__MISSING LABEL__ PropertyFile - val IsCompliantDataSharingForIndividualApplicationEnabled not found in section udd_SettingsTemplate,チェックボックス,false,false,false,true,true,true
000000000000000AAA,IndustriesSettings.IsCompliantDataSharingForIndividualApplicationSiteUsersEnabled,IsCompliantDataSharingForIndividualApplicationSiteUsersEnabled,IndustriesSettings,,IsCompliantDataSharingForIndividualApplicationSiteUsersEnabled,__MISSING LABEL__ PropertyFile - val IsCompliantDataSharingForIndividualApplicationSiteUsersEnabled not found in section udd_SettingsTemplate,__MISSING LABEL__ PropertyFile - val IsCompliantDataSharingForIndividualApplicationSiteUsersEnabled not found in section udd_SettingsTemplate,チェックボックス,false,false,false,true,true,true
000000000000000AAA,IndustriesSettings.IsCompliantDataSharingForIndividualApplicationTaskEnabled,IsCompliantDataSharingForIndividualApplicationTaskEnabled,IndustriesSettings,,IsCompliantDataSharingForIndividualApplicationTaskEnabled,__MISSING LABEL__ PropertyFile - val IsCompliantDataSharingForIndividualApplicationTaskEnabled not found in section udd_SettingsTemplate,__MISSING LABEL__ PropertyFile - val IsCompliantDataSharingForIndividualApplicationTaskEnabled not found in section udd_SettingsTemplate,チェックボックス,false,false,false,true,true,true
000000000000000AAA,IndustriesSettings.IsCompliantDataSharingForIndividualApplicationTaskSiteUsersEnabled,IsCompliantDataSharingForIndividualApplicationTaskSiteUsersEnabled,IndustriesSettings,,IsCompliantDataSharingForIndividualApplicationTaskSiteUsersEnabled,__MISSING LABEL__ PropertyFile - val IsCompliantDataSharingForIndividualApplicationTaskSiteUsersEnabled not found in section udd_SettingsTemplate,__MISSING LABEL__ PropertyFile - val IsCompliantDataSharingForIndividualApplicationTaskSiteUsersEnabled not found in section udd_SettingsTemplate,チェックボックス,false,false,false,true,true,true
000000000000000AAA,IndustriesSettings.IsCompliantDataSharingForInteractionEnabled,IsCompliantDataSharingForInteractionEnabled,IndustriesSettings,,IsCompliantDataSharingForInteractionEnabled,__MISSING LABEL__ PropertyFile - val IsCompliantDataSharingForInteractionEnabled not found in section udd_SettingsTemplate,__MISSING LABEL__ PropertyFile - val IsCompliantDataSharingForInteractionEnabled not found in section udd_SettingsTemplate,チェックボックス,false,false,false,true,true,true
000000000000000AAA,IndustriesSettings.IsCompliantDataSharingForInteractionSummaryEnabled,IsCompliantDataSharingForInteractionSummaryEnabled,IndustriesSettings,,IsCompliantDataSharingForInteractionSummaryEnabled,__MISSING LABEL__ PropertyFile - val IsCompliantDataSharingForInteractionSummaryEnabled not found in section udd_SettingsTemplate,__MISSING LABEL__ PropertyFile - val IsCompliantDataSharingForInteractionSummaryEnabled not found in section udd_SettingsTemplate,チェックボックス,false,false,false,true,true,true
000000000000000AAA,IndustriesSettings.IsCompliantDataSharingForOpportunityEnabled,IsCompliantDataSharingForOpportunityEnabled,IndustriesSettings,,IsCompliantDataSharingForOpportunityEnabled,__MISSING LABEL__ PropertyFile - val IsCompliantDataSharingForOpportunityEnabled not found in section udd_SettingsTemplate,__MISSING LABEL__ PropertyFile - val IsCompliantDataSharingForOpportunityEnabled not found in section udd_SettingsTemplate,チェックボックス,false,false,false,true,true,true
000000000000000AAA,IndustriesSettings.IsCompliantDataSharingForPreliminaryApplicationRefEnabled,IsCompliantDataSharingForPreliminaryApplicationRefEnabled,IndustriesSettings,,IsCompliantDataSharingForPreliminaryApplicationRefEnabled,__MISSING LABEL__ PropertyFile - val IsCompliantDataSharingForPreliminaryApplicationRefEnabled not found in section udd_SettingsTemplate,__MISSING LABEL__ PropertyFile - val IsCompliantDataSharingForPreliminaryApplicationRefEnabled not found in section udd_SettingsTemplate,チェックボックス,false,false,false,true,true,true
000000000000000AAA,IndustriesSettings.IsCompliantDataSharingForPreliminaryApplicationRefSiteUsersEnabled,IsCompliantDataSharingForPreliminaryApplicationRefSiteUsersEnabled,IndustriesSettings,,IsCompliantDataSharingForPreliminaryApplicationRefSiteUsersEnabled,__MISSING LABEL__ PropertyFile - val IsCompliantDataSharingForPreliminaryApplicationRefSiteUsersEnabled not found in section udd_SettingsTemplate,__MISSING LABEL__ PropertyFile - val IsCompliantDataSharingForPreliminaryApplicationRefSiteUsersEnabled not found in section udd_SettingsTemplate,チェックボックス,false,false,false,true,true,true
000000000000000AAA,IndustriesSettings.IsComprehendMedicalEnabled,IsComprehendMedicalEnabled,IndustriesSettings,,IsComprehendMedicalEnabled,__MISSING LABEL__ PropertyFile - val IsComprehendMedicalEnabled not found in section udd_SettingsTemplate,__MISSING LABEL__ PropertyFile - val IsComprehendMedicalEnabled not found in section udd_SettingsTemplate,チェックボックス,false,false,false,true,true,true
000000000000000AAA,IndustriesSettings.IsContactCenterAccessEnabled,IsContactCenterAccessEnabled,IndustriesSettings,,IsContactCenterAccessEnabled,__MISSING LABEL__ PropertyFile - val IsContactCenterAccessEnabled not found in section udd_SettingsTemplate,__MISSING LABEL__ PropertyFile - val IsContactCenterAccessEnabled not found in section udd_SettingsTemplate,チェックボックス,false,false,false,true,true,true
000000000000000AAA,IndustriesSettings.IsContractExtractionWithDocumentAiPrefEnabled,IsContractExtractionWithDocumentAiPrefEnabled,IndustriesSettings,,IsContractExtractionWithDocumentAiPrefEnabled,__MISSING LABEL__ PropertyFile - val IsContractExtractionWithDocumentAiPrefEnabled not found in section udd_SettingsTemplate,__MISSING LABEL__ PropertyFile - val IsContractExtractionWithDocumentAiPrefEnabled not found in section udd_SettingsTemplate,チェックボックス,false,false,false,true,true,true
000000000000000AAA,IndustriesSettings.IsContractMgmtPrefEnabled,IsContractMgmtPrefEnabled,IndustriesSettings,,IsContractMgmtPrefEnabled,__MISSING LABEL__ PropertyFile - val IsContractMgmtPrefEnabled not found in section udd_SettingsTemplate,__MISSING LABEL__ PropertyFile - val IsContractMgmtPrefEnabled not found in section udd_SettingsTemplate,チェックボックス,false,false,false,true,true,true
000000000000000AAA,IndustriesSettings.IsContractsAiPrefEnabled,IsContractsAiPrefEnabled,IndustriesSettings,,IsContractsAiPrefEnabled,__MISSING LABEL__ PropertyFile - val IsContractsAiPrefEnabled not found in section udd_SettingsTemplate,__MISSING LABEL__ PropertyFile - val IsContractsAiPrefEnabled not found in section udd_SettingsTemplate,チェックボックス,false,false,false,true,true,true
000000000000000AAA,IndustriesSettings.IsContractSearchPrefEnabled,IsContractSearchPrefEnabled,IndustriesSettings,,IsContractSearchPrefEnabled,__MISSING LABEL__ PropertyFile - val IsContractSearchPrefEnabled not found in section udd_SettingsTemplate,__MISSING LABEL__ PropertyFile - val IsContractSearchPrefEnabled not found in section udd_SettingsTemplate,チェックボックス,false,false,false,true,true,true
000000000000000AAA,IndustriesSettings.IsCorporateRelationsEnabled,IsCorporateRelationsEnabled,IndustriesSettings,,IsCorporateRelationsEnabled,__MISSING LABEL__ PropertyFile - val IsCorporateRelationsEnabled not found in section udd_SettingsTemplate,__MISSING LABEL__ PropertyFile - val IsCorporateRelationsEnabled not found in section udd_SettingsTemplate,チェックボックス,false,false,false,true,true,true
000000000000000AAA,IndustriesSettings.IsCosConflictsEnabled,IsCosConflictsEnabled,IndustriesSettings,,IsCosConflictsEnabled,__MISSING LABEL__ PropertyFile - val IsCosConflictsEnabled not found in section udd_SettingsTemplate,__MISSING LABEL__ PropertyFile - val IsCosConflictsEnabled not found in section udd_SettingsTemplate,チェックボックス,false,false,false,true,true,true
000000000000000AAA,IndustriesSettings.IsCourseOpsAgentEnabled,IsCourseOpsAgentEnabled,IndustriesSettings,,IsCourseOpsAgentEnabled,__MISSING LABEL__ PropertyFile - val IsCourseOpsAgentEnabled not found in section udd_SettingsTemplate,__MISSING LABEL__ PropertyFile - val IsCourseOpsAgentEnabled not found in section udd_SettingsTemplate,チェックボックス,false,false,false,true,true,true
000000000000000AAA,IndustriesSettings.IsCourseSearchAgentEnabled,IsCourseSearchAgentEnabled,IndustriesSettings,,IsCourseSearchAgentEnabled,__MISSING LABEL__ PropertyFile - val IsCourseSearchAgentEnabled not found in section udd_SettingsTemplate,__MISSING LABEL__ PropertyFile - val IsCourseSearchAgentEnabled not found in section udd_SettingsTemplate,チェックボックス,false,false,false,true,true,true
000000000000000AAA,IndustriesSettings.IsCpBestConTimeSharingEnabled,IsCpBestConTimeSharingEnabled,IndustriesSettings,,IsCpBestConTimeSharingEnabled,__MISSING LABEL__ PropertyFile - val IsCpBestConTimeSharingEnabled not found in section udd_SettingsTemplate,__MISSING LABEL__ PropertyFile - val IsCpBestConTimeSharingEnabled not found in section udd_SettingsTemplate,チェックボックス,false,false,false,true,true,true
000000000000000AAA,IndustriesSettings.IsCpSocialCustomSharingEnabled,IsCpSocialCustomSharingEnabled,IndustriesSettings,,IsCpSocialCustomSharingEnabled,__MISSING LABEL__ PropertyFile - val IsCpSocialCustomSharingEnabled not found in section udd_SettingsTemplate,__MISSING LABEL__ PropertyFile - val IsCpSocialCustomSharingEnabled not found in section udd_SettingsTemplate,チェックボックス,false,false,false,true,true,true
000000000000000AAA,IndustriesSettings.IsCreateMultiAttendeeEventOrgPrefEnabled,IsCreateMultiAttendeeEventOrgPrefEnabled,IndustriesSettings,,IsCreateMultiAttendeeEventOrgPrefEnabled,__MISSING LABEL__ PropertyFile - val IsCreateMultiAttendeeEventOrgPrefEnabled not found in section udd_SettingsTemplate,__MISSING LABEL__ PropertyFile - val IsCreateMultiAttendeeEventOrgPrefEnabled not found in section udd_SettingsTemplate,チェックボックス,false,false,false,true,true,true
000000000000000AAA,IndustriesSettings.IsCrisisCenterAccessEnabled,IsCrisisCenterAccessEnabled,IndustriesSettings,,IsCrisisCenterAccessEnabled,__MISSING LABEL__ PropertyFile - val IsCrisisCenterAccessEnabled not found in section udd_SettingsTemplate,__MISSING LABEL__ PropertyFile - val IsCrisisCenterAccessEnabled not found in section udd_SettingsTemplate,チェックボックス,false,false,false,true,true,true
000000000000000AAA,IndustriesSettings.IsCriteriaBasedSearchAndFilterEnabled,IsCriteriaBasedSearchAndFilterEnabled,IndustriesSettings,,IsCriteriaBasedSearchAndFilterEnabled,__MISSING LABEL__ PropertyFile - val IsCriteriaBasedSearchAndFilterEnabled not found in section udd_SettingsTemplate,__MISSING LABEL__ PropertyFile - val IsCriteriaBasedSearchAndFilterEnabled not found in section udd_SettingsTemplate,チェックボックス,false,false,false,true,true,true
000000000000000AAA,IndustriesSettings.IsCsrdReportingOrgPrefEnabled,IsCsrdReportingOrgPrefEnabled,IndustriesSettings,,IsCsrdReportingOrgPrefEnabled,__MISSING LABEL__ PropertyFile - val IsCsrdReportingOrgPrefEnabled not found in section udd_SettingsTemplate,__MISSING LABEL__ PropertyFile - val IsCsrdReportingOrgPrefEnabled not found in section udd_SettingsTemplate,チェックボックス,false,false,false,true,true,true
000000000000000AAA,IndustriesSettings.IsCustomDpeTxObsProviderSearchEnabled,IsCustomDpeTxObsProviderSearchEnabled,IndustriesSettings,,IsCustomDpeTxObsProviderSearchEnabled,__MISSING LABEL__ PropertyFile - val IsCustomDpeTxObsProviderSearchEnabled not found in section udd_SettingsTemplate,__MISSING LABEL__ PropertyFile - val IsCustomDpeTxObsProviderSearchEnabled not found in section udd_SettingsTemplate,チェックボックス,false,false,false,true,true,true
000000000000000AAA,IndustriesSettings.IsCustomFlowsOnCycleCountEnabled,IsCustomFlowsOnCycleCountEnabled,IndustriesSettings,,IsCustomFlowsOnCycleCountEnabled,__MISSING LABEL__ PropertyFile - val IsCustomFlowsOnCycleCountEnabled not found in section udd_SettingsTemplate,__MISSING LABEL__ PropertyFile - val IsCustomFlowsOnCycleCountEnabled not found in section udd_SettingsTemplate,チェックボックス,false,false,false,true,true,true
000000000000000AAA,IndustriesSettings.IsCustomFlowsOnExpiryPageEnabled,IsCustomFlowsOnExpiryPageEnabled,IndustriesSettings,,IsCustomFlowsOnExpiryPageEnabled,__MISSING LABEL__ PropertyFile - val IsCustomFlowsOnExpiryPageEnabled not found in section udd_SettingsTemplate,__MISSING LABEL__ PropertyFile - val IsCustomFlowsOnExpiryPageEnabled not found in section udd_SettingsTemplate,チェックボックス,false,false,false,true,true,true
000000000000000AAA,IndustriesSettings.IsDataCloudEventsOnTimelineEnabled,IsDataCloudEventsOnTimelineEnabled,IndustriesSettings,,IsDataCloudEventsOnTimelineEnabled,__MISSING LABEL__ PropertyFile - val IsDataCloudEventsOnTimelineEnabled not found in section udd_SettingsTemplate,__MISSING LABEL__ PropertyFile - val IsDataCloudEventsOnTimelineEnabled not found in section udd_SettingsTemplate,チェックボックス,false,false,false,true,true,true
000000000000000AAA,IndustriesSettings.IsDataTrueUpPreferenceEnabled,IsDataTrueUpPreferenceEnabled,IndustriesSettings,,IsDataTrueUpPreferenceEnabled,__MISSING LABEL__ PropertyFile - val IsDataTrueUpPreferenceEnabled not found in section udd_SettingsTemplate,__MISSING LABEL__ PropertyFile - val IsDataTrueUpPreferenceEnabled not found in section udd_SettingsTemplate,チェックボックス,false,false,false,true,true,true
000000000000000AAA,IndustriesSettings.IsDchEnGptAccuracyEnabled,IsDchEnGptAccuracyEnabled,IndustriesSettings,,IsDchEnGptAccuracyEnabled,__MISSING LABEL__ PropertyFile - val IsDchEnGptAccuracyEnabled not found in section udd_SettingsTemplate,__MISSING LABEL__ PropertyFile - val IsDchEnGptAccuracyEnabled not found in section udd_SettingsTemplate,チェックボックス,false,false,false,true,true,true
000000000000000AAA,IndustriesSettings.IsDchEnGptEnabled,IsDchEnGptEnabled,IndustriesSettings,,IsDchEnGptEnabled,__MISSING LABEL__ PropertyFile - val IsDchEnGptEnabled not found in section udd_SettingsTemplate,__MISSING LABEL__ PropertyFile - val IsDchEnGptEnabled not found in section udd_SettingsTemplate,チェックボックス,false,false,false,true,true,true
000000000000000AAA,IndustriesSettings.IsDchEnGptFirstDraftEnabled,IsDchEnGptFirstDraftEnabled,IndustriesSettings,,IsDchEnGptFirstDraftEnabled,__MISSING LABEL__ PropertyFile - val IsDchEnGptFirstDraftEnabled not found in section udd_SettingsTemplate,__MISSING LABEL__ PropertyFile - val IsDchEnGptFirstDraftEnabled not found in section udd_SettingsTemplate,チェックボックス,false,false,false,true,true,true
000000000000000AAA,IndustriesSettings.IsDchEnGptIlEnabled,IsDchEnGptIlEnabled,IndustriesSettings,,IsDchEnGptIlEnabled,__MISSING LABEL__ PropertyFile - val IsDchEnGptIlEnabled not found in section udd_SettingsTemplate,__MISSING LABEL__ PropertyFile - val IsDchEnGptIlEnabled not found in section udd_SettingsTemplate,チェックボックス,false,false,false,true,true,true
000000000000000AAA,IndustriesSettings.IsDchEnGptSearchEnabled,IsDchEnGptSearchEnabled,IndustriesSettings,,IsDchEnGptSearchEnabled,__MISSING LABEL__ PropertyFile - val IsDchEnGptSearchEnabled not found in section udd_SettingsTemplate,__MISSING LABEL__ PropertyFile - val IsDchEnGptSearchEnabled not found in section udd_SettingsTemplate,チェックボックス,false,false,false,true,true,true
000000000000000AAA,IndustriesSettings.IsDchGoogleAddOnEnabled,IsDchGoogleAddOnEnabled,IndustriesSettings,,IsDchGoogleAddOnEnabled,__MISSING LABEL__ PropertyFile - val IsDchGoogleAddOnEnabled not found in section udd_SettingsTemplate,__MISSING LABEL__ PropertyFile - val IsDchGoogleAddOnEnabled not found in section udd_SettingsTemplate,チェックボックス,false,false,false,true,true,true
000000000000000AAA,IndustriesSettings.IsDchmsO365AddInEnabled,IsDchmsO365AddInEnabled,IndustriesSettings,,IsDchmsO365AddInEnabled,__MISSING LABEL__ PropertyFile - val IsDchmsO365AddInEnabled not found in section udd_SettingsTemplate,__MISSING LABEL__ PropertyFile - val IsDchmsO365AddInEnabled not found in section udd_SettingsTemplate,チェックボックス,false,false,false,true,true,true
000000000000000AAA,IndustriesSettings.IsDealManagementEnabled,IsDealManagementEnabled,IndustriesSettings,,IsDealManagementEnabled,__MISSING LABEL__ PropertyFile - val IsDealManagementEnabled not found in section udd_SettingsTemplate,__MISSING LABEL__ PropertyFile - val IsDealManagementEnabled not found in section udd_SettingsTemplate,チェックボックス,false,false,false,true,true,true
000000000000000AAA,IndustriesSettings.IsDeDupeForDsPrefEnabled,IsDeDupeForDsPrefEnabled,IndustriesSettings,,IsDeDupeForDsPrefEnabled,__MISSING LABEL__ PropertyFile - val IsDeDupeForDsPrefEnabled not found in section udd_SettingsTemplate,__MISSING LABEL__ PropertyFile - val IsDeDupeForDsPrefEnabled not found in section udd_SettingsTemplate,チェックボックス,false,false,false,true,true,true
000000000000000AAA,IndustriesSettings.IsDelegatedAccessManagementEnabled,IsDelegatedAccessManagementEnabled,IndustriesSettings,,IsDelegatedAccessManagementEnabled,__MISSING LABEL__ PropertyFile - val IsDelegatedAccessManagementEnabled not found in section udd_SettingsTemplate,__MISSING LABEL__ PropertyFile - val IsDelegatedAccessManagementEnabled not found in section udd_SettingsTemplate,チェックボックス,false,false,false,true,true,true
000000000000000AAA,IndustriesSettings.IsDeleteCustomObjectParticipantRecordCompliantDataSharingEnabled,IsDeleteCustomObjectParticipantRecordCompliantDataSharingEnabled,IndustriesSettings,,IsDeleteCustomObjectParticipantRecordCompliantDataSharingEnabled,__MISSING LABEL__ PropertyFile - val IsDeleteCustomObjectParticipantRecordCompliantDataSharingEnabled not found in section udd_SettingsTemplate,__MISSING LABEL__ PropertyFile - val IsDeleteCustomObjectParticipantRecordCompliantDataSharingEnabled not found in section udd_SettingsTemplate,チェックボックス,false,false,false,true,true,true
000000000000000AAA,IndustriesSettings.IsDepriveSoqlAccessGuestUserOrgPrefEnabled,IsDepriveSoqlAccessGuestUserOrgPrefEnabled,IndustriesSettings,,IsDepriveSoqlAccessGuestUserOrgPrefEnabled,__MISSING LABEL__ PropertyFile - val IsDepriveSoqlAccessGuestUserOrgPrefEnabled not found in section udd_SettingsTemplate,__MISSING LABEL__ PropertyFile - val IsDepriveSoqlAccessGuestUserOrgPrefEnabled not found in section udd_SettingsTemplate,チェックボックス,false,false,false,true,true,true
000000000000000AAA,IndustriesSettings.IsDepriveSoqlAccessOrgPrefEnabled,IsDepriveSoqlAccessOrgPrefEnabled,IndustriesSettings,,IsDepriveSoqlAccessOrgPrefEnabled,__MISSING LABEL__ PropertyFile - val IsDepriveSoqlAccessOrgPrefEnabled not found in section udd_SettingsTemplate,__MISSING LABEL__ PropertyFile - val IsDepriveSoqlAccessOrgPrefEnabled not found in section udd_SettingsTemplate,チェックボックス,false,false,false,true,true,true
000000000000000AAA,IndustriesSettings.IsDfDataCaptureEnabled,IsDfDataCaptureEnabled,IndustriesSettings,,IsDfDataCaptureEnabled,__MISSING LABEL__ PropertyFile - val IsDfDataCaptureEnabled not found in section udd_SettingsTemplate,__MISSING LABEL__ PropertyFile - val IsDfDataCaptureEnabled not found in section udd_SettingsTemplate,チェックボックス,false,false,false,true,true,true
000000000000000AAA,IndustriesSettings.IsDigitalInsurancePolicyRnwlEnabled,IsDigitalInsurancePolicyRnwlEnabled,IndustriesSettings,,IsDigitalInsurancePolicyRnwlEnabled,__MISSING LABEL__ PropertyFile - val IsDigitalInsurancePolicyRnwlEnabled not found in section udd_SettingsTemplate,__MISSING LABEL__ PropertyFile - val IsDigitalInsurancePolicyRnwlEnabled not found in section udd_SettingsTemplate,チェックボックス,false,false,false,true,true,true
000000000000000AAA,IndustriesSettings.IsDigitalLendingPrefEnabled,IsDigitalLendingPrefEnabled,IndustriesSettings,,IsDigitalLendingPrefEnabled,__MISSING LABEL__ PropertyFile - val IsDigitalLendingPrefEnabled not found in section udd_SettingsTemplate,__MISSING LABEL__ PropertyFile - val IsDigitalLendingPrefEnabled not found in section udd_SettingsTemplate,チェックボックス,false,false,false,true,true,true
000000000000000AAA,IndustriesSettings.IsDigitalLendingReadOnlyOrgPrefEnabled,IsDigitalLendingReadOnlyOrgPrefEnabled,IndustriesSettings,,IsDigitalLendingReadOnlyOrgPrefEnabled,__MISSING LABEL__ PropertyFile - val IsDigitalLendingReadOnlyOrgPrefEnabled not found in section udd_SettingsTemplate,__MISSING LABEL__ PropertyFile - val IsDigitalLendingReadOnlyOrgPrefEnabled not found in section udd_SettingsTemplate,チェックボックス,false,false,false,true,true,true
000000000000000AAA,IndustriesSettings.IsDisbursementPreferenceEnabled,IsDisbursementPreferenceEnabled,IndustriesSettings,,IsDisbursementPreferenceEnabled,__MISSING LABEL__ PropertyFile - val IsDisbursementPreferenceEnabled not found in section udd_SettingsTemplate,__MISSING LABEL__ PropertyFile - val IsDisbursementPreferenceEnabled not found in section udd_SettingsTemplate,チェックボックス,false,false,false,true,true,true
000000000000000AAA,IndustriesSettings.IsDiscoveryFrameworkMetadataEnabled,IsDiscoveryFrameworkMetadataEnabled,IndustriesSettings,,IsDiscoveryFrameworkMetadataEnabled,__MISSING LABEL__ PropertyFile - val IsDiscoveryFrameworkMetadataEnabled not found in section udd_SettingsTemplate,__MISSING LABEL__ PropertyFile - val IsDiscoveryFrameworkMetadataEnabled not found in section udd_SettingsTemplate,チェックボックス,false,false,false,true,true,true
000000000000000AAA,IndustriesSettings.IsDiscoveryFrmwrkMltLangPrefEnabled,IsDiscoveryFrmwrkMltLangPrefEnabled,IndustriesSettings,,IsDiscoveryFrmwrkMltLangPrefEnabled,__MISSING LABEL__ PropertyFile - val IsDiscoveryFrmwrkMltLangPrefEnabled not found in section udd_SettingsTemplate,__MISSING LABEL__ PropertyFile - val IsDiscoveryFrmwrkMltLangPrefEnabled not found in section udd_SettingsTemplate,チェックボックス,false,false,false,true,true,true
000000000000000AAA,IndustriesSettings.IsDiscoveryFrwrkSampleTemplateEnabled,IsDiscoveryFrwrkSampleTemplateEnabled,IndustriesSettings,,IsDiscoveryFrwrkSampleTemplateEnabled,__MISSING LABEL__ PropertyFile - val IsDiscoveryFrwrkSampleTemplateEnabled not found in section udd_SettingsTemplate,__MISSING LABEL__ PropertyFile - val IsDiscoveryFrwrkSampleTemplateEnabled not found in section udd_SettingsTemplate,チェックボックス,false,false,false,true,true,true
000000000000000AAA,IndustriesSettings.IsDiseaseCaseClassificationPrefEnabled,IsDiseaseCaseClassificationPrefEnabled,IndustriesSettings,,IsDiseaseCaseClassificationPrefEnabled,__MISSING LABEL__ PropertyFile - val IsDiseaseCaseClassificationPrefEnabled not found in section udd_SettingsTemplate,__MISSING LABEL__ PropertyFile - val IsDiseaseCaseClassificationPrefEnabled not found in section udd_SettingsTemplate,チェックボックス,false,false,false,true,true,true
000000000000000AAA,IndustriesSettings.IsDiseaseSurveillancePrefEnabled,IsDiseaseSurveillancePrefEnabled,IndustriesSettings,,IsDiseaseSurveillancePrefEnabled,__MISSING LABEL__ PropertyFile - val IsDiseaseSurveillancePrefEnabled not found in section udd_SettingsTemplate,__MISSING LABEL__ PropertyFile - val IsDiseaseSurveillancePrefEnabled not found in section udd_SettingsTemplate,チェックボックス,false,false,false,true,true,true
000000000000000AAA,IndustriesSettings.IsDisplaySummaryOnTimelineEnabled,IsDisplaySummaryOnTimelineEnabled,IndustriesSettings,,IsDisplaySummaryOnTimelineEnabled,__MISSING LABEL__ PropertyFile - val IsDisplaySummaryOnTimelineEnabled not found in section udd_SettingsTemplate,__MISSING LABEL__ PropertyFile - val IsDisplaySummaryOnTimelineEnabled not found in section udd_SettingsTemplate,チェックボックス,false,false,false,true,true,true
000000000000000AAA,IndustriesSettings.IsDonorSupportAgentBetaEnabled,IsDonorSupportAgentBetaEnabled,IndustriesSettings,,IsDonorSupportAgentBetaEnabled,__MISSING LABEL__ PropertyFile - val IsDonorSupportAgentBetaEnabled not found in section udd_SettingsTemplate,__MISSING LABEL__ PropertyFile - val IsDonorSupportAgentBetaEnabled not found in section udd_SettingsTemplate,チェックボックス,false,false,false,true,true,true
000000000000000AAA,IndustriesSettings.IsDontSharePartyprofWportalOrgPrefEnabled,IsDontSharePartyprofWportalOrgPrefEnabled,IndustriesSettings,,IsDontSharePartyprofWportalOrgPrefEnabled,__MISSING LABEL__ PropertyFile - val IsDontSharePartyprofWportalOrgPrefEnabled not found in section udd_SettingsTemplate,__MISSING LABEL__ PropertyFile - val IsDontSharePartyprofWportalOrgPrefEnabled not found in section udd_SettingsTemplate,チェックボックス,false,false,false,true,true,true
000000000000000AAA,IndustriesSettings.IsDpeProviderSearchSettingsOrgPrefEnabled,IsDpeProviderSearchSettingsOrgPrefEnabled,IndustriesSettings,,IsDpeProviderSearchSettingsOrgPrefEnabled,__MISSING LABEL__ PropertyFile - val IsDpeProviderSearchSettingsOrgPrefEnabled not found in section udd_SettingsTemplate,__MISSING LABEL__ PropertyFile - val IsDpeProviderSearchSettingsOrgPrefEnabled not found in section udd_SettingsTemplate,チェックボックス,false,false,false,true,true,true
000000000000000AAA,IndustriesSettings.IsDropInAppointmentsOrgPrefEnabled,IsDropInAppointmentsOrgPrefEnabled,IndustriesSettings,,IsDropInAppointmentsOrgPrefEnabled,__MISSING LABEL__ PropertyFile - val IsDropInAppointmentsOrgPrefEnabled not found in section udd_SettingsTemplate,__MISSING LABEL__ PropertyFile - val IsDropInAppointmentsOrgPrefEnabled not found in section udd_SettingsTemplate,チェックボックス,false,false,false,true,true,true
000000000000000AAA,IndustriesSettings.IsDropInFallbackMechOrgPrefEnabled,IsDropInFallbackMechOrgPrefEnabled,IndustriesSettings,,IsDropInFallbackMechOrgPrefEnabled,__MISSING LABEL__ PropertyFile - val IsDropInFallbackMechOrgPrefEnabled not found in section udd_SettingsTemplate,__MISSING LABEL__ PropertyFile - val IsDropInFallbackMechOrgPrefEnabled not found in section udd_SettingsTemplate,チェックボックス,false,false,false,true,true,true
000000000000000AAA,IndustriesSettings.IsDropInSimplifiedViewOrgPrefEnabled,IsDropInSimplifiedViewOrgPrefEnabled,IndustriesSettings,,IsDropInSimplifiedViewOrgPrefEnabled,__MISSING LABEL__ PropertyFile - val IsDropInSimplifiedViewOrgPrefEnabled not found in section udd_SettingsTemplate,__MISSING LABEL__ PropertyFile - val IsDropInSimplifiedViewOrgPrefEnabled not found in section udd_SettingsTemplate,チェックボックス,false,false,false,true,true,true
000000000000000AAA,IndustriesSettings.IsDropInSkillMatchingOrgPrefEnabled,IsDropInSkillMatchingOrgPrefEnabled,IndustriesSettings,,IsDropInSkillMatchingOrgPrefEnabled,__MISSING LABEL__ PropertyFile - val IsDropInSkillMatchingOrgPrefEnabled not found in section udd_SettingsTemplate,__MISSING LABEL__ PropertyFile - val IsDropInSkillMatchingOrgPrefEnabled not found in section udd_SettingsTemplate,チェックボックス,false,false,false,true,true,true
000000000000000AAA,IndustriesSettings.IsDupePriorAuthDetectionSettingEnabled,IsDupePriorAuthDetectionSettingEnabled,IndustriesSettings,,IsDupePriorAuthDetectionSettingEnabled,__MISSING LABEL__ PropertyFile - val IsDupePriorAuthDetectionSettingEnabled not found in section udd_SettingsTemplate,__MISSING LABEL__ PropertyFile - val IsDupePriorAuthDetectionSettingEnabled not found in section udd_SettingsTemplate,チェックボックス,false,false,false,true,true,true
000000000000000AAA,IndustriesSettings.IsEdcSkillsGeneratorEnabled,IsEdcSkillsGeneratorEnabled,IndustriesSettings,,IsEdcSkillsGeneratorEnabled,__MISSING LABEL__ PropertyFile - val IsEdcSkillsGeneratorEnabled not found in section udd_SettingsTemplate,__MISSING LABEL__ PropertyFile - val IsEdcSkillsGeneratorEnabled not found in section udd_SettingsTemplate,チェックボックス,false,false,false,true,true,true
000000000000000AAA,IndustriesSettings.IsEduAdvncdAcadOperEnabled,IsEduAdvncdAcadOperEnabled,IndustriesSettings,,IsEduAdvncdAcadOperEnabled,__MISSING LABEL__ PropertyFile - val IsEduAdvncdAcadOperEnabled not found in section udd_SettingsTemplate,__MISSING LABEL__ PropertyFile - val IsEduAdvncdAcadOperEnabled not found in section udd_SettingsTemplate,チェックボックス,false,false,false,true,true,true
000000000000000AAA,IndustriesSettings.IsEducationCloudEnabled,IsEducationCloudEnabled,IndustriesSettings,,IsEducationCloudEnabled,__MISSING LABEL__ PropertyFile - val IsEducationCloudEnabled not found in section udd_SettingsTemplate,__MISSING LABEL__ PropertyFile - val IsEducationCloudEnabled not found in section udd_SettingsTemplate,チェックボックス,false,false,false,true,true,true
000000000000000AAA,IndustriesSettings.IsEduUkRgnlFeatrEnabled,IsEduUkRgnlFeatrEnabled,IndustriesSettings,,IsEduUkRgnlFeatrEnabled,__MISSING LABEL__ PropertyFile - val IsEduUkRgnlFeatrEnabled not found in section udd_SettingsTemplate,__MISSING LABEL__ PropertyFile - val IsEduUkRgnlFeatrEnabled not found in section udd_SettingsTemplate,チェックボックス,false,false,false,true,true,true
000000000000000AAA,IndustriesSettings.IsEgptInsuranceCmpntPrefEnabled,IsEgptInsuranceCmpntPrefEnabled,IndustriesSettings,,IsEgptInsuranceCmpntPrefEnabled,__MISSING LABEL__ PropertyFile - val IsEgptInsuranceCmpntPrefEnabled not found in section udd_SettingsTemplate,__MISSING LABEL__ PropertyFile - val IsEgptInsuranceCmpntPrefEnabled not found in section udd_SettingsTemplate,チェックボックス,false,false,false,true,true,true
000000000000000AAA,IndustriesSettings.IsEinsteinAiAutofillPrefEnabled,IsEinsteinAiAutofillPrefEnabled,IndustriesSettings,,IsEinsteinAiAutofillPrefEnabled,__MISSING LABEL__ PropertyFile - val IsEinsteinAiAutofillPrefEnabled not found in section udd_SettingsTemplate,__MISSING LABEL__ PropertyFile - val IsEinsteinAiAutofillPrefEnabled not found in section udd_SettingsTemplate,チェックボックス,false,false,false,true,true,true
000000000000000AAA,IndustriesSettings.IsEinsteinDocReaderEnabled,IsEinsteinDocReaderEnabled,IndustriesSettings,,IsEinsteinDocReaderEnabled,__MISSING LABEL__ PropertyFile - val IsEinsteinDocReaderEnabled not found in section udd_SettingsTemplate,__MISSING LABEL__ PropertyFile - val IsEinsteinDocReaderEnabled not found in section udd_SettingsTemplate,チェックボックス,false,false,false,true,true,true
000000000000000AAA,IndustriesSettings.IsEinsteinVisitsEnabled,IsEinsteinVisitsEnabled,IndustriesSettings,,IsEinsteinVisitsEnabled,__MISSING LABEL__ PropertyFile - val IsEinsteinVisitsEnabled not found in section udd_SettingsTemplate,__MISSING LABEL__ PropertyFile - val IsEinsteinVisitsEnabled not found in section udd_SettingsTemplate,チェックボックス,false,false,false,true,true,true
000000000000000AAA,IndustriesSettings.IsEmpowerHealthEngagementEnabled,IsEmpowerHealthEngagementEnabled,IndustriesSettings,,IsEmpowerHealthEngagementEnabled,__MISSING LABEL__ PropertyFile - val IsEmpowerHealthEngagementEnabled not found in section udd_SettingsTemplate,__MISSING LABEL__ PropertyFile - val IsEmpowerHealthEngagementEnabled not found in section udd_SettingsTemplate,チェックボックス,false,false,false,true,true,true
000000000000000AAA,IndustriesSettings.IsEngagementVisualsAiEnabled,IsEngagementVisualsAiEnabled,IndustriesSettings,,IsEngagementVisualsAiEnabled,__MISSING LABEL__ PropertyFile - val IsEngagementVisualsAiEnabled not found in section udd_SettingsTemplate,__MISSING LABEL__ PropertyFile - val IsEngagementVisualsAiEnabled not found in section udd_SettingsTemplate,チェックボックス,false,false,false,true,true,true
000000000000000AAA,IndustriesSettings.IsEnhancedCommitmentProcessorEnabled,IsEnhancedCommitmentProcessorEnabled,IndustriesSettings,,IsEnhancedCommitmentProcessorEnabled,__MISSING LABEL__ PropertyFile - val IsEnhancedCommitmentProcessorEnabled not found in section udd_SettingsTemplate,__MISSING LABEL__ PropertyFile - val IsEnhancedCommitmentProcessorEnabled not found in section udd_SettingsTemplate,チェックボックス,false,false,false,true,true,true
000000000000000AAA,IndustriesSettings.IsEnhancedQuestionCreationEnabled,IsEnhancedQuestionCreationEnabled,IndustriesSettings,,IsEnhancedQuestionCreationEnabled,__MISSING LABEL__ PropertyFile - val IsEnhancedQuestionCreationEnabled not found in section udd_SettingsTemplate,__MISSING LABEL__ PropertyFile - val IsEnhancedQuestionCreationEnabled not found in section udd_SettingsTemplate,チェックボックス,false,false,false,true,true,true
000000000000000AAA,IndustriesSettings.IsEnhancedSaveResponsesPrefEnabled,IsEnhancedSaveResponsesPrefEnabled,IndustriesSettings,,IsEnhancedSaveResponsesPrefEnabled,__MISSING LABEL__ PropertyFile - val IsEnhancedSaveResponsesPrefEnabled not found in section udd_SettingsTemplate,__MISSING LABEL__ PropertyFile - val IsEnhancedSaveResponsesPrefEnabled not found in section udd_SettingsTemplate,チェックボックス,false,false,false,true,true,true
000000000000000AAA,IndustriesSettings.IsEnhancedUiForIsPrefEnabled,IsEnhancedUiForIsPrefEnabled,IndustriesSettings,,IsEnhancedUiForIsPrefEnabled,__MISSING LABEL__ PropertyFile - val IsEnhancedUiForIsPrefEnabled not found in section udd_SettingsTemplate,__MISSING LABEL__ PropertyFile - val IsEnhancedUiForIsPrefEnabled not found in section udd_SettingsTemplate,チェックボックス,false,false,false,true,true,true
000000000000000AAA,IndustriesSettings.IsEpcDeleteAccessEnabled,IsEpcDeleteAccessEnabled,IndustriesSettings,,IsEpcDeleteAccessEnabled,__MISSING LABEL__ PropertyFile - val IsEpcDeleteAccessEnabled not found in section udd_SettingsTemplate,__MISSING LABEL__ PropertyFile - val IsEpcDeleteAccessEnabled not found in section udd_SettingsTemplate,チェックボックス,false,false,false,true,true,true
000000000000000AAA,IndustriesSettings.IsEsgReportingOrgPrefEnabled,IsEsgReportingOrgPrefEnabled,IndustriesSettings,,IsEsgReportingOrgPrefEnabled,__MISSING LABEL__ PropertyFile - val IsEsgReportingOrgPrefEnabled not found in section udd_SettingsTemplate,__MISSING LABEL__ PropertyFile - val IsEsgReportingOrgPrefEnabled not found in section udd_SettingsTemplate,チェックボックス,false,false,false,true,true,true
000000000000000AAA,IndustriesSettings.IsEuCoreAiEnabled,IsEuCoreAiEnabled,IndustriesSettings,,IsEuCoreAiEnabled,__MISSING LABEL__ PropertyFile - val IsEuCoreAiEnabled not found in section udd_SettingsTemplate,__MISSING LABEL__ PropertyFile - val IsEuCoreAiEnabled not found in section udd_SettingsTemplate,チェックボックス,false,false,false,true,true,true
000000000000000AAA,IndustriesSettings.IsEuCoreServiceAppOnEnabled,IsEuCoreServiceAppOnEnabled,IndustriesSettings,,IsEuCoreServiceAppOnEnabled,__MISSING LABEL__ PropertyFile - val IsEuCoreServiceAppOnEnabled not found in section udd_SettingsTemplate,__MISSING LABEL__ PropertyFile - val IsEuCoreServiceAppOnEnabled not found in section udd_SettingsTemplate,チェックボックス,false,false,false,true,true,true
000000000000000AAA,IndustriesSettings.IsEuMultisiteFeatureEnabled,IsEuMultisiteFeatureEnabled,IndustriesSettings,,IsEuMultisiteFeatureEnabled,__MISSING LABEL__ PropertyFile - val IsEuMultisiteFeatureEnabled not found in section udd_SettingsTemplate,__MISSING LABEL__ PropertyFile - val IsEuMultisiteFeatureEnabled not found in section udd_SettingsTemplate,チェックボックス,false,false,false,true,true,true
000000000000000AAA,IndustriesSettings.IsEuSalesEnabled,IsEuSalesEnabled,IndustriesSettings,,IsEuSalesEnabled,__MISSING LABEL__ PropertyFile - val IsEuSalesEnabled not found in section udd_SettingsTemplate,__MISSING LABEL__ PropertyFile - val IsEuSalesEnabled not found in section udd_SettingsTemplate,チェックボックス,false,false,false,true,true,true
000000000000000AAA,IndustriesSettings.IsEuTariffFeatureEnabled,IsEuTariffFeatureEnabled,IndustriesSettings,,IsEuTariffFeatureEnabled,__MISSING LABEL__ PropertyFile - val IsEuTariffFeatureEnabled not found in section udd_SettingsTemplate,__MISSING LABEL__ PropertyFile - val IsEuTariffFeatureEnabled not found in section udd_SettingsTemplate,チェックボックス,false,false,false,true,true,true
000000000000000AAA,IndustriesSettings.IsEventManagementOrgPrefEnabled,IsEventManagementOrgPrefEnabled,IndustriesSettings,,IsEventManagementOrgPrefEnabled,__MISSING LABEL__ PropertyFile - val IsEventManagementOrgPrefEnabled not found in section udd_SettingsTemplate,__MISSING LABEL__ PropertyFile - val IsEventManagementOrgPrefEnabled not found in section udd_SettingsTemplate,チェックボックス,false,false,false,true,true,true
000000000000000AAA,IndustriesSettings.IsEventWriteOrgPrefEnabled,IsEventWriteOrgPrefEnabled,IndustriesSettings,,IsEventWriteOrgPrefEnabled,__MISSING LABEL__ PropertyFile - val IsEventWriteOrgPrefEnabled not found in section udd_SettingsTemplate,__MISSING LABEL__ PropertyFile - val IsEventWriteOrgPrefEnabled not found in section udd_SettingsTemplate,チェックボックス,false,false,false,true,true,true
000000000000000AAA,IndustriesSettings.IsEvidenceManagementPrefEnabled,IsEvidenceManagementPrefEnabled,IndustriesSettings,,IsEvidenceManagementPrefEnabled,__MISSING LABEL__ PropertyFile - val IsEvidenceManagementPrefEnabled not found in section udd_SettingsTemplate,__MISSING LABEL__ PropertyFile - val IsEvidenceManagementPrefEnabled not found in section udd_SettingsTemplate,チェックボックス,false,false,false,true,true,true
000000000000000AAA,IndustriesSettings.IsEvtPtcpTypeRoleSelectionEnabled,IsEvtPtcpTypeRoleSelectionEnabled,IndustriesSettings,,IsEvtPtcpTypeRoleSelectionEnabled,__MISSING LABEL__ PropertyFile - val IsEvtPtcpTypeRoleSelectionEnabled not found in section udd_SettingsTemplate,__MISSING LABEL__ PropertyFile - val IsEvtPtcpTypeRoleSelectionEnabled not found in section udd_SettingsTemplate,チェックボックス,false,false,false,true,true,true
000000000000000AAA,IndustriesSettings.IsExistingHealthCloudOrgEnabled,IsExistingHealthCloudOrgEnabled,IndustriesSettings,,IsExistingHealthCloudOrgEnabled,__MISSING LABEL__ PropertyFile - val IsExistingHealthCloudOrgEnabled not found in section udd_SettingsTemplate,__MISSING LABEL__ PropertyFile - val IsExistingHealthCloudOrgEnabled not found in section udd_SettingsTemplate,チェックボックス,false,false,false,true,true,true
000000000000000AAA,IndustriesSettings.IsFinancialAccountMgmtEnabled,IsFinancialAccountMgmtEnabled,IndustriesSettings,,IsFinancialAccountMgmtEnabled,__MISSING LABEL__ PropertyFile - val IsFinancialAccountMgmtEnabled not found in section udd_SettingsTemplate,__MISSING LABEL__ PropertyFile - val IsFinancialAccountMgmtEnabled not found in section udd_SettingsTemplate,チェックボックス,false,false,false,true,true,true
000000000000000AAA,IndustriesSettings.IsFinancialAidEnabled,IsFinancialAidEnabled,IndustriesSettings,,IsFinancialAidEnabled,__MISSING LABEL__ PropertyFile - val IsFinancialAidEnabled not found in section udd_SettingsTemplate,__MISSING LABEL__ PropertyFile - val IsFinancialAidEnabled not found in section udd_SettingsTemplate,チェックボックス,false,false,false,true,true,true
000000000000000AAA,IndustriesSettings.IsFinancialDealCallReportCmpPrefEnabled,IsFinancialDealCallReportCmpPrefEnabled,IndustriesSettings,,IsFinancialDealCallReportCmpPrefEnabled,__MISSING LABEL__ PropertyFile - val IsFinancialDealCallReportCmpPrefEnabled not found in section udd_SettingsTemplate,__MISSING LABEL__ PropertyFile - val IsFinancialDealCallReportCmpPrefEnabled not found in section udd_SettingsTemplate,チェックボックス,false,false,false,true,true,true
000000000000000AAA,IndustriesSettings.IsFinancialDealCallReportPrefEnabled,IsFinancialDealCallReportPrefEnabled,IndustriesSettings,,IsFinancialDealCallReportPrefEnabled,__MISSING LABEL__ PropertyFile - val IsFinancialDealCallReportPrefEnabled not found in section udd_SettingsTemplate,__MISSING LABEL__ PropertyFile - val IsFinancialDealCallReportPrefEnabled not found in section udd_SettingsTemplate,チェックボックス,false,false,false,true,true,true
000000000000000AAA,IndustriesSettings.IsFinancialDealRoleHierarchyEnabled,IsFinancialDealRoleHierarchyEnabled,IndustriesSettings,,IsFinancialDealRoleHierarchyEnabled,__MISSING LABEL__ PropertyFile - val IsFinancialDealRoleHierarchyEnabled not found in section udd_SettingsTemplate,__MISSING LABEL__ PropertyFile - val IsFinancialDealRoleHierarchyEnabled not found in section udd_SettingsTemplate,チェックボックス,false,false,false,true,true,true
000000000000000AAA,IndustriesSettings.IsFinSummaryRollupMgmtEnabled,IsFinSummaryRollupMgmtEnabled,IndustriesSettings,,IsFinSummaryRollupMgmtEnabled,__MISSING LABEL__ PropertyFile - val IsFinSummaryRollupMgmtEnabled not found in section udd_SettingsTemplate,__MISSING LABEL__ PropertyFile - val IsFinSummaryRollupMgmtEnabled not found in section udd_SettingsTemplate,チェックボックス,false,false,false,true,true,true
000000000000000AAA,IndustriesSettings.IsFlexibleHierarchyPrefEnabled,IsFlexibleHierarchyPrefEnabled,IndustriesSettings,,IsFlexibleHierarchyPrefEnabled,__MISSING LABEL__ PropertyFile - val IsFlexibleHierarchyPrefEnabled not found in section udd_SettingsTemplate,__MISSING LABEL__ PropertyFile - val IsFlexibleHierarchyPrefEnabled not found in section udd_SettingsTemplate,チェックボックス,false,false,false,true,true,true
000000000000000AAA,IndustriesSettings.IsFlexibleHierarchySumryPrefEnabled,IsFlexibleHierarchySumryPrefEnabled,IndustriesSettings,,IsFlexibleHierarchySumryPrefEnabled,__MISSING LABEL__ PropertyFile - val IsFlexibleHierarchySumryPrefEnabled not found in section udd_SettingsTemplate,__MISSING LABEL__ PropertyFile - val IsFlexibleHierarchySumryPrefEnabled not found in section udd_SettingsTemplate,チェックボックス,false,false,false,true,true,true
000000000000000AAA,IndustriesSettings.IsFormFrameworkEnabled,IsFormFrameworkEnabled,IndustriesSettings,,IsFormFrameworkEnabled,__MISSING LABEL__ PropertyFile - val IsFormFrameworkEnabled not found in section udd_SettingsTemplate,__MISSING LABEL__ PropertyFile - val IsFormFrameworkEnabled not found in section udd_SettingsTemplate,チェックボックス,false,false,false,true,true,true
000000000000000AAA,IndustriesSettings.IsFscInsuranceReportEnabled,IsFscInsuranceReportEnabled,IndustriesSettings,,IsFscInsuranceReportEnabled,__MISSING LABEL__ PropertyFile - val IsFscInsuranceReportEnabled not found in section udd_SettingsTemplate,__MISSING LABEL__ PropertyFile - val IsFscInsuranceReportEnabled not found in section udd_SettingsTemplate,チェックボックス,false,false,false,true,true,true
000000000000000AAA,IndustriesSettings.IsFscInsuranceServiceConsoleEnabled,IsFscInsuranceServiceConsoleEnabled,IndustriesSettings,,IsFscInsuranceServiceConsoleEnabled,__MISSING LABEL__ PropertyFile - val IsFscInsuranceServiceConsoleEnabled not found in section udd_SettingsTemplate,__MISSING LABEL__ PropertyFile - val IsFscInsuranceServiceConsoleEnabled not found in section udd_SettingsTemplate,チェックボックス,false,false,false,true,true,true
000000000000000AAA,IndustriesSettings.IsFundraisingEnabled,IsFundraisingEnabled,IndustriesSettings,,IsFundraisingEnabled,__MISSING LABEL__ PropertyFile - val IsFundraisingEnabled not found in section udd_SettingsTemplate,__MISSING LABEL__ PropertyFile - val IsFundraisingEnabled not found in section udd_SettingsTemplate,チェックボックス,false,false,false,true,true,true
000000000000000AAA,IndustriesSettings.IsGenAiAssessmentQuestionsEnabled,IsGenAiAssessmentQuestionsEnabled,IndustriesSettings,,IsGenAiAssessmentQuestionsEnabled,__MISSING LABEL__ PropertyFile - val IsGenAiAssessmentQuestionsEnabled not found in section udd_SettingsTemplate,__MISSING LABEL__ PropertyFile - val IsGenAiAssessmentQuestionsEnabled not found in section udd_SettingsTemplate,チェックボックス,false,false,false,true,true,true
000000000000000AAA,IndustriesSettings.IsGenAiSuggestedAssmtsEnabled,IsGenAiSuggestedAssmtsEnabled,IndustriesSettings,,IsGenAiSuggestedAssmtsEnabled,__MISSING LABEL__ PropertyFile - val IsGenAiSuggestedAssmtsEnabled not found in section udd_SettingsTemplate,__MISSING LABEL__ PropertyFile - val IsGenAiSuggestedAssmtsEnabled not found in section udd_SettingsTemplate,チェックボックス,false,false,false,true,true,true
000000000000000AAA,IndustriesSettings.IsGiftAgreementEnabled,IsGiftAgreementEnabled,IndustriesSettings,,IsGiftAgreementEnabled,__MISSING LABEL__ PropertyFile - val IsGiftAgreementEnabled not found in section udd_SettingsTemplate,__MISSING LABEL__ PropertyFile - val IsGiftAgreementEnabled not found in section udd_SettingsTemplate,チェックボックス,false,false,false,true,true,true
000000000000000AAA,IndustriesSettings.IsGiftEntryGridEnabled,IsGiftEntryGridEnabled,IndustriesSettings,,IsGiftEntryGridEnabled,__MISSING LABEL__ PropertyFile - val IsGiftEntryGridEnabled not found in section udd_SettingsTemplate,__MISSING LABEL__ PropertyFile - val IsGiftEntryGridEnabled not found in section udd_SettingsTemplate,チェックボックス,false,false,false,true,true,true
000000000000000AAA,IndustriesSettings.IsGiftPlanningEnabled,IsGiftPlanningEnabled,IndustriesSettings,,IsGiftPlanningEnabled,__MISSING LABEL__ PropertyFile - val IsGiftPlanningEnabled not found in section udd_SettingsTemplate,__MISSING LABEL__ PropertyFile - val IsGiftPlanningEnabled not found in section udd_SettingsTemplate,チェックボックス,false,false,false,true,true,true
000000000000000AAA,IndustriesSettings.IsGlobalSearchForAssmtEnabled,IsGlobalSearchForAssmtEnabled,IndustriesSettings,,IsGlobalSearchForAssmtEnabled,__MISSING LABEL__ PropertyFile - val IsGlobalSearchForAssmtEnabled not found in section udd_SettingsTemplate,__MISSING LABEL__ PropertyFile - val IsGlobalSearchForAssmtEnabled not found in section udd_SettingsTemplate,チェックボックス,false,false,false,true,true,true
000000000000000AAA,IndustriesSettings.IsGnrcDisclsFrmwrkEnabled,IsGnrcDisclsFrmwrkEnabled,IndustriesSettings,,IsGnrcDisclsFrmwrkEnabled,__MISSING LABEL__ PropertyFile - val IsGnrcDisclsFrmwrkEnabled not found in section udd_SettingsTemplate,__MISSING LABEL__ PropertyFile - val IsGnrcDisclsFrmwrkEnabled not found in section udd_SettingsTemplate,チェックボックス,false,false,false,true,true,true
000000000000000AAA,IndustriesSettings.IsGoalsAgentEnabled,IsGoalsAgentEnabled,IndustriesSettings,,IsGoalsAgentEnabled,__MISSING LABEL__ PropertyFile - val IsGoalsAgentEnabled not found in section udd_SettingsTemplate,__MISSING LABEL__ PropertyFile - val IsGoalsAgentEnabled not found in section udd_SettingsTemplate,チェックボックス,false,false,false,true,true,true
000000000000000AAA,IndustriesSettings.IsGrantmakingEnabled,IsGrantmakingEnabled,IndustriesSettings,,IsGrantmakingEnabled,__MISSING LABEL__ PropertyFile - val IsGrantmakingEnabled not found in section udd_SettingsTemplate,__MISSING LABEL__ PropertyFile - val IsGrantmakingEnabled not found in section udd_SettingsTemplate,チェックボックス,false,false,false,true,true,true
000000000000000AAA,IndustriesSettings.IsGrantseekerSupportAgentCmtyPrefEnabled,IsGrantseekerSupportAgentCmtyPrefEnabled,IndustriesSettings,,IsGrantseekerSupportAgentCmtyPrefEnabled,__MISSING LABEL__ PropertyFile - val IsGrantseekerSupportAgentCmtyPrefEnabled not found in section udd_SettingsTemplate,__MISSING LABEL__ PropertyFile - val IsGrantseekerSupportAgentCmtyPrefEnabled not found in section udd_SettingsTemplate,チェックボックス,false,false,false,true,true,true
000000000000000AAA,IndustriesSettings.IsGrantseekerSupportAgentCoCmtyPrefEnabled,IsGrantseekerSupportAgentCoCmtyPrefEnabled,IndustriesSettings,,IsGrantseekerSupportAgentCoCmtyPrefEnabled,__MISSING LABEL__ PropertyFile - val IsGrantseekerSupportAgentCoCmtyPrefEnabled not found in section udd_SettingsTemplate,__MISSING LABEL__ PropertyFile - val IsGrantseekerSupportAgentCoCmtyPrefEnabled not found in section udd_SettingsTemplate,チェックボックス,false,false,false,true,true,true
000000000000000AAA,IndustriesSettings.IsGroupMembershipPrefEnabled,IsGroupMembershipPrefEnabled,IndustriesSettings,,IsGroupMembershipPrefEnabled,__MISSING LABEL__ PropertyFile - val IsGroupMembershipPrefEnabled not found in section udd_SettingsTemplate,__MISSING LABEL__ PropertyFile - val IsGroupMembershipPrefEnabled not found in section udd_SettingsTemplate,チェックボックス,false,false,false,true,true,true
000000000000000AAA,IndustriesSettings.IsHcCorePatientConsoleEnabled,IsHcCorePatientConsoleEnabled,IndustriesSettings,,IsHcCorePatientConsoleEnabled,__MISSING LABEL__ PropertyFile - val IsHcCorePatientConsoleEnabled not found in section udd_SettingsTemplate,__MISSING LABEL__ PropertyFile - val IsHcCorePatientConsoleEnabled not found in section udd_SettingsTemplate,チェックボックス,false,false,false,true,true,true
000000000000000AAA,IndustriesSettings.IsHcReferralScoringEnabled,IsHcReferralScoringEnabled,IndustriesSettings,,IsHcReferralScoringEnabled,__MISSING LABEL__ PropertyFile - val IsHcReferralScoringEnabled not found in section udd_SettingsTemplate,__MISSING LABEL__ PropertyFile - val IsHcReferralScoringEnabled not found in section udd_SettingsTemplate,チェックボックス,false,false,false,true,true,true
000000000000000AAA,IndustriesSettings.IsHcStdRelationshipJunctionsEnabled,IsHcStdRelationshipJunctionsEnabled,IndustriesSettings,,IsHcStdRelationshipJunctionsEnabled,__MISSING LABEL__ PropertyFile - val IsHcStdRelationshipJunctionsEnabled not found in section udd_SettingsTemplate,__MISSING LABEL__ PropertyFile - val IsHcStdRelationshipJunctionsEnabled not found in section udd_SettingsTemplate,チェックボックス,false,false,false,true,true,true
000000000000000AAA,IndustriesSettings.IsHealthCloudGenAiPrefEnabled,IsHealthCloudGenAiPrefEnabled,IndustriesSettings,,IsHealthCloudGenAiPrefEnabled,__MISSING LABEL__ PropertyFile - val IsHealthCloudGenAiPrefEnabled not found in section udd_SettingsTemplate,__MISSING LABEL__ PropertyFile - val IsHealthCloudGenAiPrefEnabled not found in section udd_SettingsTemplate,チェックボックス,false,false,false,true,true,true
000000000000000AAA,IndustriesSettings.IsHighScaleRuleProcessingPrefEnabled,IsHighScaleRuleProcessingPrefEnabled,IndustriesSettings,,IsHighScaleRuleProcessingPrefEnabled,__MISSING LABEL__ PropertyFile - val IsHighScaleRuleProcessingPrefEnabled not found in section udd_SettingsTemplate,__MISSING LABEL__ PropertyFile - val IsHighScaleRuleProcessingPrefEnabled not found in section udd_SettingsTemplate,チェックボックス,false,false,false,true,true,true
000000000000000AAA,IndustriesSettings.IsHlsClinicalDcsnSuptAccessOrgPreferenceEnabled,IsHlsClinicalDcsnSuptAccessOrgPreferenceEnabled,IndustriesSettings,,IsHlsClinicalDcsnSuptAccessOrgPreferenceEnabled,__MISSING LABEL__ PropertyFile - val IsHlsClinicalDcsnSuptAccessOrgPreferenceEnabled not found in section udd_SettingsTemplate,__MISSING LABEL__ PropertyFile - val IsHlsClinicalDcsnSuptAccessOrgPreferenceEnabled not found in section udd_SettingsTemplate,チェックボックス,false,false,false,true,true,true
000000000000000AAA,IndustriesSettings.IsHlsFhirSubscriptionSettingEnabled,IsHlsFhirSubscriptionSettingEnabled,IndustriesSettings,,IsHlsFhirSubscriptionSettingEnabled,__MISSING LABEL__ PropertyFile - val IsHlsFhirSubscriptionSettingEnabled not found in section udd_SettingsTemplate,__MISSING LABEL__ PropertyFile - val IsHlsFhirSubscriptionSettingEnabled not found in section udd_SettingsTemplate,チェックボックス,false,false,false,true,true,true
000000000000000AAA,IndustriesSettings.IsHlsUmDtrSettingEnabled,IsHlsUmDtrSettingEnabled,IndustriesSettings,,IsHlsUmDtrSettingEnabled,__MISSING LABEL__ PropertyFile - val IsHlsUmDtrSettingEnabled not found in section udd_SettingsTemplate,__MISSING LABEL__ PropertyFile - val IsHlsUmDtrSettingEnabled not found in section udd_SettingsTemplate,チェックボックス,false,false,false,true,true,true
000000000000000AAA,IndustriesSettings.IsHomeHealthEnabled,IsHomeHealthEnabled,IndustriesSettings,,IsHomeHealthEnabled,__MISSING LABEL__ PropertyFile - val IsHomeHealthEnabled not found in section udd_SettingsTemplate,__MISSING LABEL__ PropertyFile - val IsHomeHealthEnabled not found in section udd_SettingsTemplate,チェックボックス,false,false,false,true,true,true
000000000000000AAA,IndustriesSettings.IsHomeHlthRschdFlowRcntVerEnabled,IsHomeHlthRschdFlowRcntVerEnabled,IndustriesSettings,,IsHomeHlthRschdFlowRcntVerEnabled,__MISSING LABEL__ PropertyFile - val IsHomeHlthRschdFlowRcntVerEnabled not found in section udd_SettingsTemplate,__MISSING LABEL__ PropertyFile - val IsHomeHlthRschdFlowRcntVerEnabled not found in section udd_SettingsTemplate,チェックボックス,false,false,false,true,true,true
000000000000000AAA,IndustriesSettings.IsHouseholdAiSuggestionEnabled,IsHouseholdAiSuggestionEnabled,IndustriesSettings,,IsHouseholdAiSuggestionEnabled,__MISSING LABEL__ PropertyFile - val IsHouseholdAiSuggestionEnabled not found in section udd_SettingsTemplate,__MISSING LABEL__ PropertyFile - val IsHouseholdAiSuggestionEnabled not found in section udd_SettingsTemplate,チェックボックス,false,false,false,true,true,true
000000000000000AAA,IndustriesSettings.IsHouseholdNameOverrideEnabled,IsHouseholdNameOverrideEnabled,IndustriesSettings,,IsHouseholdNameOverrideEnabled,__MISSING LABEL__ PropertyFile - val IsHouseholdNameOverrideEnabled not found in section udd_SettingsTemplate,__MISSING LABEL__ PropertyFile - val IsHouseholdNameOverrideEnabled not found in section udd_SettingsTemplate,チェックボックス,false,false,false,true,true,true
000000000000000AAA,IndustriesSettings.IsIamPatchModifyPrefEnabled,IsIamPatchModifyPrefEnabled,IndustriesSettings,,IsIamPatchModifyPrefEnabled,__MISSING LABEL__ PropertyFile - val IsIamPatchModifyPrefEnabled not found in section udd_SettingsTemplate,__MISSING LABEL__ PropertyFile - val IsIamPatchModifyPrefEnabled not found in section udd_SettingsTemplate,チェックボックス,false,false,false,true,true,true
000000000000000AAA,IndustriesSettings.IsIeSentimentAnalysisEnabled,IsIeSentimentAnalysisEnabled,IndustriesSettings,,IsIeSentimentAnalysisEnabled,__MISSING LABEL__ PropertyFile - val IsIeSentimentAnalysisEnabled not found in section udd_SettingsTemplate,__MISSING LABEL__ PropertyFile - val IsIeSentimentAnalysisEnabled not found in section udd_SettingsTemplate,チェックボックス,false,false,false,true,true,true
000000000000000AAA,IndustriesSettings.IsIndCrossObjChangelogEnabled,IsIndCrossObjChangelogEnabled,IndustriesSettings,,IsIndCrossObjChangelogEnabled,__MISSING LABEL__ PropertyFile - val IsIndCrossObjChangelogEnabled not found in section udd_SettingsTemplate,__MISSING LABEL__ PropertyFile - val IsIndCrossObjChangelogEnabled not found in section udd_SettingsTemplate,チェックボックス,false,false,false,true,true,true
000000000000000AAA,IndustriesSettings.IsIndustriesAssessmentEnabled,IsIndustriesAssessmentEnabled,IndustriesSettings,,IsIndustriesAssessmentEnabled,__MISSING LABEL__ PropertyFile - val IsIndustriesAssessmentEnabled not found in section udd_SettingsTemplate,__MISSING LABEL__ PropertyFile - val IsIndustriesAssessmentEnabled not found in section udd_SettingsTemplate,チェックボックス,false,false,false,true,true,true
000000000000000AAA,IndustriesSettings.IsIndustriesAssessmentGuestOrgPrefEnabled,IsIndustriesAssessmentGuestOrgPrefEnabled,IndustriesSettings,,IsIndustriesAssessmentGuestOrgPrefEnabled,__MISSING LABEL__ PropertyFile - val IsIndustriesAssessmentGuestOrgPrefEnabled not found in section udd_SettingsTemplate,__MISSING LABEL__ PropertyFile - val IsIndustriesAssessmentGuestOrgPrefEnabled not found in section udd_SettingsTemplate,チェックボックス,false,false,false,true,true,true
000000000000000AAA,IndustriesSettings.IsIndustriesAssessmentPrefillEnabled,IsIndustriesAssessmentPrefillEnabled,IndustriesSettings,,IsIndustriesAssessmentPrefillEnabled,__MISSING LABEL__ PropertyFile - val IsIndustriesAssessmentPrefillEnabled not found in section udd_SettingsTemplate,__MISSING LABEL__ PropertyFile - val IsIndustriesAssessmentPrefillEnabled not found in section udd_SettingsTemplate,チェックボックス,false,false,false,true,true,true
000000000000000AAA,IndustriesSettings.IsIndustriesCaptchaVerificationEnabled,IsIndustriesCaptchaVerificationEnabled,IndustriesSettings,,IsIndustriesCaptchaVerificationEnabled,__MISSING LABEL__ PropertyFile - val IsIndustriesCaptchaVerificationEnabled not found in section udd_SettingsTemplate,__MISSING LABEL__ PropertyFile - val IsIndustriesCaptchaVerificationEnabled not found in section udd_SettingsTemplate,チェックボックス,false,false,false,true,true,true
000000000000000AAA,IndustriesSettings.IsIndustriesIntegrationOrchestratorPrefEnabled,IsIndustriesIntegrationOrchestratorPrefEnabled,IndustriesSettings,,IsIndustriesIntegrationOrchestratorPrefEnabled,__MISSING LABEL__ PropertyFile - val IsIndustriesIntegrationOrchestratorPrefEnabled not found in section udd_SettingsTemplate,__MISSING LABEL__ PropertyFile - val IsIndustriesIntegrationOrchestratorPrefEnabled not found in section udd_SettingsTemplate,チェックボックス,false,false,false,true,true,true
000000000000000AAA,IndustriesSettings.IsIndustriesKycEnabled,IsIndustriesKycEnabled,IndustriesSettings,,IsIndustriesKycEnabled,__MISSING LABEL__ PropertyFile - val IsIndustriesKycEnabled not found in section udd_SettingsTemplate,__MISSING LABEL__ PropertyFile - val IsIndustriesKycEnabled not found in section udd_SettingsTemplate,チェックボックス,false,false,false,true,true,true
000000000000000AAA,IndustriesSettings.IsIndustriesLpiPreferenceEnabled,IsIndustriesLpiPreferenceEnabled,IndustriesSettings,,IsIndustriesLpiPreferenceEnabled,__MISSING LABEL__ PropertyFile - val IsIndustriesLpiPreferenceEnabled not found in section udd_SettingsTemplate,__MISSING LABEL__ PropertyFile - val IsIndustriesLpiPreferenceEnabled not found in section udd_SettingsTemplate,チェックボックス,false,false,false,true,true,true
000000000000000AAA,IndustriesSettings.IsIndustriesOnboardingEnabled,IsIndustriesOnboardingEnabled,IndustriesSettings,,IsIndustriesOnboardingEnabled,__MISSING LABEL__ PropertyFile - val IsIndustriesOnboardingEnabled not found in section udd_SettingsTemplate,__MISSING LABEL__ PropertyFile - val IsIndustriesOnboardingEnabled not found in section udd_SettingsTemplate,チェックボックス,false,false,false,true,true,true
000000000000000AAA,IndustriesSettings.IsIndustriesRebatesEnabled,IsIndustriesRebatesEnabled,IndustriesSettings,,IsIndustriesRebatesEnabled,__MISSING LABEL__ PropertyFile - val IsIndustriesRebatesEnabled not found in section udd_SettingsTemplate,__MISSING LABEL__ PropertyFile - val IsIndustriesRebatesEnabled not found in section udd_SettingsTemplate,チェックボックス,false,false,false,true,true,true
000000000000000AAA,IndustriesSettings.IsIndustriesShipAndDebitEnabled,IsIndustriesShipAndDebitEnabled,IndustriesSettings,,IsIndustriesShipAndDebitEnabled,__MISSING LABEL__ PropertyFile - val IsIndustriesShipAndDebitEnabled not found in section udd_SettingsTemplate,__MISSING LABEL__ PropertyFile - val IsIndustriesShipAndDebitEnabled not found in section udd_SettingsTemplate,チェックボックス,false,false,false,true,true,true
000000000000000AAA,IndustriesSettings.IsIndustriesStageManagementPrefEnabled,IsIndustriesStageManagementPrefEnabled,IndustriesSettings,,IsIndustriesStageManagementPrefEnabled,__MISSING LABEL__ PropertyFile - val IsIndustriesStageManagementPrefEnabled not found in section udd_SettingsTemplate,__MISSING LABEL__ PropertyFile - val IsIndustriesStageManagementPrefEnabled not found in section udd_SettingsTemplate,チェックボックス,false,false,false,true,true,true
000000000000000AAA,IndustriesSettings.IsIndvAppEntlFeatureEnabled,IsIndvAppEntlFeatureEnabled,IndustriesSettings,,IsIndvAppEntlFeatureEnabled,__MISSING LABEL__ PropertyFile - val IsIndvAppEntlFeatureEnabled not found in section udd_SettingsTemplate,__MISSING LABEL__ PropertyFile - val IsIndvAppEntlFeatureEnabled not found in section udd_SettingsTemplate,チェックボックス,false,false,false,true,true,true
000000000000000AAA,IndustriesSettings.IsInformationLibraryEnabled,IsInformationLibraryEnabled,IndustriesSettings,,IsInformationLibraryEnabled,__MISSING LABEL__ PropertyFile - val IsInformationLibraryEnabled not found in section udd_SettingsTemplate,__MISSING LABEL__ PropertyFile - val IsInformationLibraryEnabled not found in section udd_SettingsTemplate,チェックボックス,false,false,false,true,true,true
000000000000000AAA,IndustriesSettings.IsInsDocRelationshipEnabled,IsInsDocRelationshipEnabled,IndustriesSettings,,IsInsDocRelationshipEnabled,__MISSING LABEL__ PropertyFile - val IsInsDocRelationshipEnabled not found in section udd_SettingsTemplate,__MISSING LABEL__ PropertyFile - val IsInsDocRelationshipEnabled not found in section udd_SettingsTemplate,チェックボックス,false,false,false,true,true,true
000000000000000AAA,IndustriesSettings.IsInsuranceCoexistenceEnabled,IsInsuranceCoexistenceEnabled,IndustriesSettings,,IsInsuranceCoexistenceEnabled,__MISSING LABEL__ PropertyFile - val IsInsuranceCoexistenceEnabled not found in section udd_SettingsTemplate,__MISSING LABEL__ PropertyFile - val IsInsuranceCoexistenceEnabled not found in section udd_SettingsTemplate,チェックボックス,false,false,false,true,true,true
000000000000000AAA,IndustriesSettings.IsIntegratedCareManagementSettingEnabled,IsIntegratedCareManagementSettingEnabled,IndustriesSettings,,IsIntegratedCareManagementSettingEnabled,__MISSING LABEL__ PropertyFile - val IsIntegratedCareManagementSettingEnabled not found in section udd_SettingsTemplate,__MISSING LABEL__ PropertyFile - val IsIntegratedCareManagementSettingEnabled not found in section udd_SettingsTemplate,チェックボックス,false,false,false,true,true,true
000000000000000AAA,IndustriesSettings.IsIntelligentDocExtractPrefEnabled,IsIntelligentDocExtractPrefEnabled,IndustriesSettings,,IsIntelligentDocExtractPrefEnabled,__MISSING LABEL__ PropertyFile - val IsIntelligentDocExtractPrefEnabled not found in section udd_SettingsTemplate,__MISSING LABEL__ PropertyFile - val IsIntelligentDocExtractPrefEnabled not found in section udd_SettingsTemplate,チェックボックス,false,false,false,true,true,true
000000000000000AAA,IndustriesSettings.IsInteractionCstmSharingPrefEnabled,IsInteractionCstmSharingPrefEnabled,IndustriesSettings,,IsInteractionCstmSharingPrefEnabled,__MISSING LABEL__ PropertyFile - val IsInteractionCstmSharingPrefEnabled not found in section udd_SettingsTemplate,__MISSING LABEL__ PropertyFile - val IsInteractionCstmSharingPrefEnabled not found in section udd_SettingsTemplate,チェックボックス,false,false,false,true,true,true
000000000000000AAA,IndustriesSettings.IsInteractionRoleHierarchyEnabled,IsInteractionRoleHierarchyEnabled,IndustriesSettings,,IsInteractionRoleHierarchyEnabled,__MISSING LABEL__ PropertyFile - val IsInteractionRoleHierarchyEnabled not found in section udd_SettingsTemplate,__MISSING LABEL__ PropertyFile - val IsInteractionRoleHierarchyEnabled not found in section udd_SettingsTemplate,チェックボックス,false,false,false,true,true,true
000000000000000AAA,IndustriesSettings.IsInteractionSummaryPrefEnabled,IsInteractionSummaryPrefEnabled,IndustriesSettings,,IsInteractionSummaryPrefEnabled,__MISSING LABEL__ PropertyFile - val IsInteractionSummaryPrefEnabled not found in section udd_SettingsTemplate,__MISSING LABEL__ PropertyFile - val IsInteractionSummaryPrefEnabled not found in section udd_SettingsTemplate,チェックボックス,false,false,false,true,true,true
000000000000000AAA,IndustriesSettings.IsInteractionSummaryRoleHierarchyEnabled,IsInteractionSummaryRoleHierarchyEnabled,IndustriesSettings,,IsInteractionSummaryRoleHierarchyEnabled,__MISSING LABEL__ PropertyFile - val IsInteractionSummaryRoleHierarchyEnabled not found in section udd_SettingsTemplate,__MISSING LABEL__ PropertyFile - val IsInteractionSummaryRoleHierarchyEnabled not found in section udd_SettingsTemplate,チェックボックス,false,false,false,true,true,true
000000000000000AAA,IndustriesSettings.IsInvestigativeCaseMgmntPrfEnabled,IsInvestigativeCaseMgmntPrfEnabled,IndustriesSettings,,IsInvestigativeCaseMgmntPrfEnabled,__MISSING LABEL__ PropertyFile - val IsInvestigativeCaseMgmntPrfEnabled not found in section udd_SettingsTemplate,__MISSING LABEL__ PropertyFile - val IsInvestigativeCaseMgmntPrfEnabled not found in section udd_SettingsTemplate,チェックボックス,false,false,false,true,true,true
000000000000000AAA,IndustriesSettings.IsLifeSciCloudEventMgmtEnabled,IsLifeSciCloudEventMgmtEnabled,IndustriesSettings,,IsLifeSciCloudEventMgmtEnabled,__MISSING LABEL__ PropertyFile - val IsLifeSciCloudEventMgmtEnabled not found in section udd_SettingsTemplate,__MISSING LABEL__ PropertyFile - val IsLifeSciCloudEventMgmtEnabled not found in section udd_SettingsTemplate,チェックボックス,false,false,false,true,true,true
000000000000000AAA,IndustriesSettings.IsLifeSciencesActivityPlanEnabled,IsLifeSciencesActivityPlanEnabled,IndustriesSettings,,IsLifeSciencesActivityPlanEnabled,__MISSING LABEL__ PropertyFile - val IsLifeSciencesActivityPlanEnabled not found in section udd_SettingsTemplate,__MISSING LABEL__ PropertyFile - val IsLifeSciencesActivityPlanEnabled not found in section udd_SettingsTemplate,チェックボックス,false,false,false,true,true,true
000000000000000AAA,IndustriesSettings.IsLifeSciencesClinialTrailManagementEnabled,IsLifeSciencesClinialTrailManagementEnabled,IndustriesSettings,,IsLifeSciencesClinialTrailManagementEnabled,__MISSING LABEL__ PropertyFile - val IsLifeSciencesClinialTrailManagementEnabled not found in section udd_SettingsTemplate,__MISSING LABEL__ PropertyFile - val IsLifeSciencesClinialTrailManagementEnabled not found in section udd_SettingsTemplate,チェックボックス,false,false,false,true,true,true
000000000000000AAA,IndustriesSettings.IsLifeSciencesConsentEnabled,IsLifeSciencesConsentEnabled,IndustriesSettings,,IsLifeSciencesConsentEnabled,__MISSING LABEL__ PropertyFile - val IsLifeSciencesConsentEnabled not found in section udd_SettingsTemplate,__MISSING LABEL__ PropertyFile - val IsLifeSciencesConsentEnabled not found in section udd_SettingsTemplate,チェックボックス,false,false,false,true,true,true
000000000000000AAA,IndustriesSettings.IsLifeSciencesCustomerEngagementBaseEnabled,IsLifeSciencesCustomerEngagementBaseEnabled,IndustriesSettings,,IsLifeSciencesCustomerEngagementBaseEnabled,__MISSING LABEL__ PropertyFile - val IsLifeSciencesCustomerEngagementBaseEnabled not found in section udd_SettingsTemplate,__MISSING LABEL__ PropertyFile - val IsLifeSciencesCustomerEngagementBaseEnabled not found in section udd_SettingsTemplate,チェックボックス,false,false,false,true,true,true
000000000000000AAA,IndustriesSettings.IsLifeSciencesMergeManagementEnabled,IsLifeSciencesMergeManagementEnabled,IndustriesSettings,,IsLifeSciencesMergeManagementEnabled,__MISSING LABEL__ PropertyFile - val IsLifeSciencesMergeManagementEnabled not found in section udd_SettingsTemplate,__MISSING LABEL__ PropertyFile - val IsLifeSciencesMergeManagementEnabled not found in section udd_SettingsTemplate,チェックボックス,false,false,false,true,true,true
000000000000000AAA,IndustriesSettings.IsLifeSciencesProviderEngagementComplianceEnabled,IsLifeSciencesProviderEngagementComplianceEnabled,IndustriesSettings,,IsLifeSciencesProviderEngagementComplianceEnabled,__MISSING LABEL__ PropertyFile - val IsLifeSciencesProviderEngagementComplianceEnabled not found in section udd_SettingsTemplate,__MISSING LABEL__ PropertyFile - val IsLifeSciencesProviderEngagementComplianceEnabled not found in section udd_SettingsTemplate,チェックボックス,false,false,false,true,true,true
000000000000000AAA,IndustriesSettings.IsLifeSciencesSiteManagementEnabled,IsLifeSciencesSiteManagementEnabled,IndustriesSettings,,IsLifeSciencesSiteManagementEnabled,__MISSING LABEL__ PropertyFile - val IsLifeSciencesSiteManagementEnabled not found in section udd_SettingsTemplate,__MISSING LABEL__ PropertyFile - val IsLifeSciencesSiteManagementEnabled not found in section udd_SettingsTemplate,チェックボックス,false,false,false,true,true,true
000000000000000AAA,IndustriesSettings.IsLifeSciFieldEventsEnabled,IsLifeSciFieldEventsEnabled,IndustriesSettings,,IsLifeSciFieldEventsEnabled,__MISSING LABEL__ PropertyFile - val IsLifeSciFieldEventsEnabled not found in section udd_SettingsTemplate,__MISSING LABEL__ PropertyFile - val IsLifeSciFieldEventsEnabled not found in section udd_SettingsTemplate,チェックボックス,false,false,false,true,true,true
000000000000000AAA,IndustriesSettings.IsLifeSciGenericWorkflowEnabled,IsLifeSciGenericWorkflowEnabled,IndustriesSettings,,IsLifeSciGenericWorkflowEnabled,__MISSING LABEL__ PropertyFile - val IsLifeSciGenericWorkflowEnabled not found in section udd_SettingsTemplate,__MISSING LABEL__ PropertyFile - val IsLifeSciGenericWorkflowEnabled not found in section udd_SettingsTemplate,チェックボックス,false,false,false,true,true,true
000000000000000AAA,IndustriesSettings.IsLifeSciInquiryEnabled,IsLifeSciInquiryEnabled,IndustriesSettings,,IsLifeSciInquiryEnabled,__MISSING LABEL__ PropertyFile - val IsLifeSciInquiryEnabled not found in section udd_SettingsTemplate,__MISSING LABEL__ PropertyFile - val IsLifeSciInquiryEnabled not found in section udd_SettingsTemplate,チェックボックス,false,false,false,true,true,true
000000000000000AAA,IndustriesSettings.IsLifeSciListsAndFiltersEnabled,IsLifeSciListsAndFiltersEnabled,IndustriesSettings,,IsLifeSciListsAndFiltersEnabled,__MISSING LABEL__ PropertyFile - val IsLifeSciListsAndFiltersEnabled not found in section udd_SettingsTemplate,__MISSING LABEL__ PropertyFile - val IsLifeSciListsAndFiltersEnabled not found in section udd_SettingsTemplate,チェックボックス,false,false,false,true,true,true
000000000000000AAA,IndustriesSettings.IsLsC4CeDocumentManagementEnabled,IsLsC4CeDocumentManagementEnabled,IndustriesSettings,,IsLsC4CeDocumentManagementEnabled,__MISSING LABEL__ PropertyFile - val IsLsC4CeDocumentManagementEnabled not found in section udd_SettingsTemplate,__MISSING LABEL__ PropertyFile - val IsLsC4CeDocumentManagementEnabled not found in section udd_SettingsTemplate,チェックボックス,false,false,false,true,true,true
000000000000000AAA,IndustriesSettings.IsLsC4CeeDetailingEnabled,IsLsC4CeeDetailingEnabled,IndustriesSettings,,IsLsC4CeeDetailingEnabled,__MISSING LABEL__ PropertyFile - val IsLsC4CeeDetailingEnabled not found in section udd_SettingsTemplate,__MISSING LABEL__ PropertyFile - val IsLsC4CeeDetailingEnabled not found in section udd_SettingsTemplate,チェックボックス,false,false,false,true,true,true
000000000000000AAA,IndustriesSettings.IsLsC4CeEmailAndTemplateEnabled,IsLsC4CeEmailAndTemplateEnabled,IndustriesSettings,,IsLsC4CeEmailAndTemplateEnabled,__MISSING LABEL__ PropertyFile - val IsLsC4CeEmailAndTemplateEnabled not found in section udd_SettingsTemplate,__MISSING LABEL__ PropertyFile - val IsLsC4CeEmailAndTemplateEnabled not found in section udd_SettingsTemplate,チェックボックス,false,false,false,true,true,true
000000000000000AAA,IndustriesSettings.IsLsC4CeKeyAccountManagementEnabled,IsLsC4CeKeyAccountManagementEnabled,IndustriesSettings,,IsLsC4CeKeyAccountManagementEnabled,__MISSING LABEL__ PropertyFile - val IsLsC4CeKeyAccountManagementEnabled not found in section udd_SettingsTemplate,__MISSING LABEL__ PropertyFile - val IsLsC4CeKeyAccountManagementEnabled not found in section udd_SettingsTemplate,チェックボックス,false,false,false,true,true,true
000000000000000AAA,IndustriesSettings.IsLsC4CeMedInsightsEnabled,IsLsC4CeMedInsightsEnabled,IndustriesSettings,,IsLsC4CeMedInsightsEnabled,__MISSING LABEL__ PropertyFile - val IsLsC4CeMedInsightsEnabled not found in section udd_SettingsTemplate,__MISSING LABEL__ PropertyFile - val IsLsC4CeMedInsightsEnabled not found in section udd_SettingsTemplate,チェックボックス,false,false,false,true,true,true
000000000000000AAA,IndustriesSettings.IsLsC4CePackageEnabled,IsLsC4CePackageEnabled,IndustriesSettings,,IsLsC4CePackageEnabled,__MISSING LABEL__ PropertyFile - val IsLsC4CePackageEnabled not found in section udd_SettingsTemplate,__MISSING LABEL__ PropertyFile - val IsLsC4CePackageEnabled not found in section udd_SettingsTemplate,チェックボックス,false,false,false,true,true,true
000000000000000AAA,IndustriesSettings.IsLsC4CeRemoteEngagementEnabled,IsLsC4CeRemoteEngagementEnabled,IndustriesSettings,,IsLsC4CeRemoteEngagementEnabled,__MISSING LABEL__ PropertyFile - val IsLsC4CeRemoteEngagementEnabled not found in section udd_SettingsTemplate,__MISSING LABEL__ PropertyFile - val IsLsC4CeRemoteEngagementEnabled not found in section udd_SettingsTemplate,チェックボックス,false,false,false,true,true,true
000000000000000AAA,IndustriesSettings.IsLsC4CeVisitsEnabled,IsLsC4CeVisitsEnabled,IndustriesSettings,,IsLsC4CeVisitsEnabled,__MISSING LABEL__ PropertyFile - val IsLsC4CeVisitsEnabled not found in section udd_SettingsTemplate,__MISSING LABEL__ PropertyFile - val IsLsC4CeVisitsEnabled not found in section udd_SettingsTemplate,チェックボックス,false,false,false,true,true,true
000000000000000AAA,IndustriesSettings.IsLscAdminConsolePermsEnabled,IsLscAdminConsolePermsEnabled,IndustriesSettings,,IsLscAdminConsolePermsEnabled,__MISSING LABEL__ PropertyFile - val IsLscAdminConsolePermsEnabled not found in section udd_SettingsTemplate,__MISSING LABEL__ PropertyFile - val IsLscAdminConsolePermsEnabled not found in section udd_SettingsTemplate,チェックボックス,false,false,false,true,true,true
000000000000000AAA,IndustriesSettings.IsLsSiteMgmtSiteSelAgentEnabled,IsLsSiteMgmtSiteSelAgentEnabled,IndustriesSettings,,IsLsSiteMgmtSiteSelAgentEnabled,__MISSING LABEL__ PropertyFile - val IsLsSiteMgmtSiteSelAgentEnabled not found in section udd_SettingsTemplate,__MISSING LABEL__ PropertyFile - val IsLsSiteMgmtSiteSelAgentEnabled not found in section udd_SettingsTemplate,チェックボックス,false,false,false,true,true,true
000000000000000AAA,IndustriesSettings.IsLsSiteMgmtSummarizationEnabled,IsLsSiteMgmtSummarizationEnabled,IndustriesSettings,,IsLsSiteMgmtSummarizationEnabled,__MISSING LABEL__ PropertyFile - val IsLsSiteMgmtSummarizationEnabled not found in section udd_SettingsTemplate,__MISSING LABEL__ PropertyFile - val IsLsSiteMgmtSummarizationEnabled not found in section udd_SettingsTemplate,チェックボックス,false,false,false,true,true,true
000000000000000AAA,IndustriesSettings.IsManyToManyRelationshipsEnabled,IsManyToManyRelationshipsEnabled,IndustriesSettings,,IsManyToManyRelationshipsEnabled,__MISSING LABEL__ PropertyFile - val IsManyToManyRelationshipsEnabled not found in section udd_SettingsTemplate,__MISSING LABEL__ PropertyFile - val IsManyToManyRelationshipsEnabled not found in section udd_SettingsTemplate,チェックボックス,false,false,false,true,true,true
000000000000000AAA,IndustriesSettings.IsMaterialityAssessmentEnabled,IsMaterialityAssessmentEnabled,IndustriesSettings,,IsMaterialityAssessmentEnabled,__MISSING LABEL__ PropertyFile - val IsMaterialityAssessmentEnabled not found in section udd_SettingsTemplate,__MISSING LABEL__ PropertyFile - val IsMaterialityAssessmentEnabled not found in section udd_SettingsTemplate,チェックボックス,false,false,false,true,true,true
000000000000000AAA,IndustriesSettings.IsMcgAsmtSugRespSettingEnabled,IsMcgAsmtSugRespSettingEnabled,IndustriesSettings,,IsMcgAsmtSugRespSettingEnabled,__MISSING LABEL__ PropertyFile - val IsMcgAsmtSugRespSettingEnabled not found in section udd_SettingsTemplate,__MISSING LABEL__ PropertyFile - val IsMcgAsmtSugRespSettingEnabled not found in section udd_SettingsTemplate,チェックボックス,false,false,false,true,true,true
000000000000000AAA,IndustriesSettings.IsMcgSettingEnabled,IsMcgSettingEnabled,IndustriesSettings,,IsMcgSettingEnabled,__MISSING LABEL__ PropertyFile - val IsMcgSettingEnabled not found in section udd_SettingsTemplate,__MISSING LABEL__ PropertyFile - val IsMcgSettingEnabled not found in section udd_SettingsTemplate,チェックボックス,false,false,false,true,true,true
000000000000000AAA,IndustriesSettings.IsMcgSyncDataEnabled,IsMcgSyncDataEnabled,IndustriesSettings,,IsMcgSyncDataEnabled,__MISSING LABEL__ PropertyFile - val IsMcgSyncDataEnabled not found in section udd_SettingsTemplate,__MISSING LABEL__ PropertyFile - val IsMcgSyncDataEnabled not found in section udd_SettingsTemplate,チェックボックス,false,false,false,true,true,true
000000000000000AAA,IndustriesSettings.IsMediaAddInvSlotToPlanEnabled,IsMediaAddInvSlotToPlanEnabled,IndustriesSettings,,IsMediaAddInvSlotToPlanEnabled,__MISSING LABEL__ PropertyFile - val IsMediaAddInvSlotToPlanEnabled not found in section udd_SettingsTemplate,__MISSING LABEL__ PropertyFile - val IsMediaAddInvSlotToPlanEnabled not found in section udd_SettingsTemplate,チェックボックス,false,false,false,true,true,true
000000000000000AAA,IndustriesSettings.IsMediaConfigSetupEnabledEnabled,IsMediaConfigSetupEnabledEnabled,IndustriesSettings,,IsMediaConfigSetupEnabledEnabled,__MISSING LABEL__ PropertyFile - val IsMediaConfigSetupEnabledEnabled not found in section udd_SettingsTemplate,__MISSING LABEL__ PropertyFile - val IsMediaConfigSetupEnabledEnabled not found in section udd_SettingsTemplate,チェックボックス,false,false,false,true,true,true
000000000000000AAA,IndustriesSettings.IsMedicalDeviceEnabledEnabled,IsMedicalDeviceEnabledEnabled,IndustriesSettings,,IsMedicalDeviceEnabledEnabled,__MISSING LABEL__ PropertyFile - val IsMedicalDeviceEnabledEnabled not found in section udd_SettingsTemplate,__MISSING LABEL__ PropertyFile - val IsMedicalDeviceEnabledEnabled not found in section udd_SettingsTemplate,チェックボックス,false,false,false,true,true,true
000000000000000AAA,IndustriesSettings.IsMedicationManagementEnabledEnabled,IsMedicationManagementEnabledEnabled,IndustriesSettings,,IsMedicationManagementEnabledEnabled,__MISSING LABEL__ PropertyFile - val IsMedicationManagementEnabledEnabled not found in section udd_SettingsTemplate,__MISSING LABEL__ PropertyFile - val IsMedicationManagementEnabledEnabled not found in section udd_SettingsTemplate,チェックボックス,false,false,false,true,true,true
000000000000000AAA,IndustriesSettings.IsMedRecSettingEnabled,IsMedRecSettingEnabled,IndustriesSettings,,IsMedRecSettingEnabled,__MISSING LABEL__ PropertyFile - val IsMedRecSettingEnabled not found in section udd_SettingsTemplate,__MISSING LABEL__ PropertyFile - val IsMedRecSettingEnabled not found in section udd_SettingsTemplate,チェックボックス,false,false,false,true,true,true
000000000000000AAA,IndustriesSettings.IsMentoringEnabled,IsMentoringEnabled,IndustriesSettings,,IsMentoringEnabled,__MISSING LABEL__ PropertyFile - val IsMentoringEnabled not found in section udd_SettingsTemplate,__MISSING LABEL__ PropertyFile - val IsMentoringEnabled not found in section udd_SettingsTemplate,チェックボックス,false,false,false,true,true,true
000000000000000AAA,IndustriesSettings.IsMicrosoftWordAddInEnabledEnabled,IsMicrosoftWordAddInEnabledEnabled,IndustriesSettings,,IsMicrosoftWordAddInEnabledEnabled,__MISSING LABEL__ PropertyFile - val IsMicrosoftWordAddInEnabledEnabled not found in section udd_SettingsTemplate,__MISSING LABEL__ PropertyFile - val IsMicrosoftWordAddInEnabledEnabled not found in section udd_SettingsTemplate,チェックボックス,false,false,false,true,true,true
000000000000000AAA,IndustriesSettings.IsMngEventBasedSharingEnabled,IsMngEventBasedSharingEnabled,IndustriesSettings,,IsMngEventBasedSharingEnabled,__MISSING LABEL__ PropertyFile - val IsMngEventBasedSharingEnabled not found in section udd_SettingsTemplate,__MISSING LABEL__ PropertyFile - val IsMngEventBasedSharingEnabled not found in section udd_SettingsTemplate,チェックボックス,false,false,false,true,true,true
000000000000000AAA,IndustriesSettings.IsMngNonLscShareRowCauseEnabled,IsMngNonLscShareRowCauseEnabled,IndustriesSettings,,IsMngNonLscShareRowCauseEnabled,__MISSING LABEL__ PropertyFile - val IsMngNonLscShareRowCauseEnabled not found in section udd_SettingsTemplate,__MISSING LABEL__ PropertyFile - val IsMngNonLscShareRowCauseEnabled not found in section udd_SettingsTemplate,チェックボックス,false,false,false,true,true,true
000000000000000AAA,IndustriesSettings.IsMortgageRlaTotalsOrgPrefEnabled,IsMortgageRlaTotalsOrgPrefEnabled,IndustriesSettings,,IsMortgageRlaTotalsOrgPrefEnabled,__MISSING LABEL__ PropertyFile - val IsMortgageRlaTotalsOrgPrefEnabled not found in section udd_SettingsTemplate,__MISSING LABEL__ PropertyFile - val IsMortgageRlaTotalsOrgPrefEnabled not found in section udd_SettingsTemplate,チェックボックス,false,false,false,true,true,true
000000000000000AAA,IndustriesSettings.IsMulesoftFhirR4ApisEnabled,IsMulesoftFhirR4ApisEnabled,IndustriesSettings,,IsMulesoftFhirR4ApisEnabled,__MISSING LABEL__ PropertyFile - val IsMulesoftFhirR4ApisEnabled not found in section udd_SettingsTemplate,__MISSING LABEL__ PropertyFile - val IsMulesoftFhirR4ApisEnabled not found in section udd_SettingsTemplate,チェックボックス,false,false,false,true,true,true
000000000000000AAA,IndustriesSettings.IsMultipleCareProgramEnrolleeOrgPrefEnabled,IsMultipleCareProgramEnrolleeOrgPrefEnabled,IndustriesSettings,,IsMultipleCareProgramEnrolleeOrgPrefEnabled,__MISSING LABEL__ PropertyFile - val IsMultipleCareProgramEnrolleeOrgPrefEnabled not found in section udd_SettingsTemplate,__MISSING LABEL__ PropertyFile - val IsMultipleCareProgramEnrolleeOrgPrefEnabled not found in section udd_SettingsTemplate,チェックボックス,false,false,false,true,true,true
000000000000000AAA,IndustriesSettings.IsMultipleTopicsForShiftsOrgPrefEnabled,IsMultipleTopicsForShiftsOrgPrefEnabled,IndustriesSettings,,IsMultipleTopicsForShiftsOrgPrefEnabled,__MISSING LABEL__ PropertyFile - val IsMultipleTopicsForShiftsOrgPrefEnabled not found in section udd_SettingsTemplate,__MISSING LABEL__ PropertyFile - val IsMultipleTopicsForShiftsOrgPrefEnabled not found in section udd_SettingsTemplate,チェックボックス,false,false,false,true,true,true
000000000000000AAA,IndustriesSettings.IsMultiResourceOrgPrefEnabled,IsMultiResourceOrgPrefEnabled,IndustriesSettings,,IsMultiResourceOrgPrefEnabled,__MISSING LABEL__ PropertyFile - val IsMultiResourceOrgPrefEnabled not found in section udd_SettingsTemplate,__MISSING LABEL__ PropertyFile - val IsMultiResourceOrgPrefEnabled not found in section udd_SettingsTemplate,チェックボックス,false,false,false,true,true,true
000000000000000AAA,IndustriesSettings.IsNewTimelineSetupFlowEnabled,IsNewTimelineSetupFlowEnabled,IndustriesSettings,,IsNewTimelineSetupFlowEnabled,__MISSING LABEL__ PropertyFile - val IsNewTimelineSetupFlowEnabled not found in section udd_SettingsTemplate,__MISSING LABEL__ PropertyFile - val IsNewTimelineSetupFlowEnabled not found in section udd_SettingsTemplate,チェックボックス,false,false,false,true,true,true
000000000000000AAA,IndustriesSettings.IsNextBestActionEnabled,IsNextBestActionEnabled,IndustriesSettings,,IsNextBestActionEnabled,__MISSING LABEL__ PropertyFile - val IsNextBestActionEnabled not found in section udd_SettingsTemplate,__MISSING LABEL__ PropertyFile - val IsNextBestActionEnabled not found in section udd_SettingsTemplate,チェックボックス,false,false,false,true,true,true
000000000000000AAA,IndustriesSettings.IsNextBestCustomerEnabled,IsNextBestCustomerEnabled,IndustriesSettings,,IsNextBestCustomerEnabled,__MISSING LABEL__ PropertyFile - val IsNextBestCustomerEnabled not found in section udd_SettingsTemplate,__MISSING LABEL__ PropertyFile - val IsNextBestCustomerEnabled not found in section udd_SettingsTemplate,チェックボックス,false,false,false,true,true,true
000000000000000AAA,IndustriesSettings.IsNextBestMessageEnabled,IsNextBestMessageEnabled,IndustriesSettings,,IsNextBestMessageEnabled,__MISSING LABEL__ PropertyFile - val IsNextBestMessageEnabled not found in section udd_SettingsTemplate,__MISSING LABEL__ PropertyFile - val IsNextBestMessageEnabled not found in section udd_SettingsTemplate,チェックボックス,false,false,false,true,true,true
000000000000000AAA,IndustriesSettings.IsNonprofitCloudAgentEnabled,IsNonprofitCloudAgentEnabled,IndustriesSettings,,IsNonprofitCloudAgentEnabled,__MISSING LABEL__ PropertyFile - val IsNonprofitCloudAgentEnabled not found in section udd_SettingsTemplate,__MISSING LABEL__ PropertyFile - val IsNonprofitCloudAgentEnabled not found in section udd_SettingsTemplate,チェックボックス,false,false,false,true,true,true
000000000000000AAA,IndustriesSettings.IsNonprofitGenAiEnabled,IsNonprofitGenAiEnabled,IndustriesSettings,,IsNonprofitGenAiEnabled,__MISSING LABEL__ PropertyFile - val IsNonprofitGenAiEnabled not found in section udd_SettingsTemplate,__MISSING LABEL__ PropertyFile - val IsNonprofitGenAiEnabled not found in section udd_SettingsTemplate,チェックボックス,false,false,false,true,true,true
000000000000000AAA,IndustriesSettings.IsNzcenCarbonAccountingEnabled,IsNzcenCarbonAccountingEnabled,IndustriesSettings,,IsNzcenCarbonAccountingEnabled,__MISSING LABEL__ PropertyFile - val IsNzcenCarbonAccountingEnabled not found in section udd_SettingsTemplate,__MISSING LABEL__ PropertyFile - val IsNzcenCarbonAccountingEnabled not found in section udd_SettingsTemplate,チェックボックス,false,false,false,true,true,true
000000000000000AAA,IndustriesSettings.IsNzcengptdchilEnabled,IsNzcengptdchilEnabled,IndustriesSettings,,IsNzcengptdchilEnabled,__MISSING LABEL__ PropertyFile - val IsNzcengptdchilEnabled not found in section udd_SettingsTemplate,__MISSING LABEL__ PropertyFile - val IsNzcengptdchilEnabled not found in section udd_SettingsTemplate,チェックボックス,false,false,false,true,true,true
000000000000000AAA,IndustriesSettings.IsNzcenScope3ProcHubEnabled,IsNzcenScope3ProcHubEnabled,IndustriesSettings,,IsNzcenScope3ProcHubEnabled,__MISSING LABEL__ PropertyFile - val IsNzcenScope3ProcHubEnabled not found in section udd_SettingsTemplate,__MISSING LABEL__ PropertyFile - val IsNzcenScope3ProcHubEnabled not found in section udd_SettingsTemplate,チェックボックス,false,false,false,true,true,true
000000000000000AAA,IndustriesSettings.IsNzcMngEnrgyAttrCrEnabled,IsNzcMngEnrgyAttrCrEnabled,IndustriesSettings,,IsNzcMngEnrgyAttrCrEnabled,__MISSING LABEL__ PropertyFile - val IsNzcMngEnrgyAttrCrEnabled not found in section udd_SettingsTemplate,__MISSING LABEL__ PropertyFile - val IsNzcMngEnrgyAttrCrEnabled not found in section udd_SettingsTemplate,チェックボックス,false,false,false,true,true,true
000000000000000AAA,IndustriesSettings.IsNzcMngEsgPgmEnabled,IsNzcMngEsgPgmEnabled,IndustriesSettings,,IsNzcMngEsgPgmEnabled,__MISSING LABEL__ PropertyFile - val IsNzcMngEsgPgmEnabled not found in section udd_SettingsTemplate,__MISSING LABEL__ PropertyFile - val IsNzcMngEsgPgmEnabled not found in section udd_SettingsTemplate,チェックボックス,false,false,false,true,true,true
000000000000000AAA,IndustriesSettings.IsNzcWithEinsteinEnabled,IsNzcWithEinsteinEnabled,IndustriesSettings,,IsNzcWithEinsteinEnabled,__MISSING LABEL__ PropertyFile - val IsNzcWithEinsteinEnabled not found in section udd_SettingsTemplate,__MISSING LABEL__ PropertyFile - val IsNzcWithEinsteinEnabled not found in section udd_SettingsTemplate,チェックボックス,false,false,false,true,true,true
000000000000000AAA,IndustriesSettings.IsObjectDetectionEnabled,IsObjectDetectionEnabled,IndustriesSettings,,IsObjectDetectionEnabled,__MISSING LABEL__ PropertyFile - val IsObjectDetectionEnabled not found in section udd_SettingsTemplate,__MISSING LABEL__ PropertyFile - val IsObjectDetectionEnabled not found in section udd_SettingsTemplate,チェックボックス,false,false,false,true,true,true
000000000000000AAA,IndustriesSettings.IsOnDemandRecordRollupPrefEnabled,IsOnDemandRecordRollupPrefEnabled,IndustriesSettings,,IsOnDemandRecordRollupPrefEnabled,__MISSING LABEL__ PropertyFile - val IsOnDemandRecordRollupPrefEnabled not found in section udd_SettingsTemplate,__MISSING LABEL__ PropertyFile - val IsOnDemandRecordRollupPrefEnabled not found in section udd_SettingsTemplate,チェックボックス,false,false,false,true,true,true
000000000000000AAA,IndustriesSettings.IsOutboundHealthEngagementEnabled,IsOutboundHealthEngagementEnabled,IndustriesSettings,,IsOutboundHealthEngagementEnabled,__MISSING LABEL__ PropertyFile - val IsOutboundHealthEngagementEnabled not found in section udd_SettingsTemplate,__MISSING LABEL__ PropertyFile - val IsOutboundHealthEngagementEnabled not found in section udd_SettingsTemplate,チェックボックス,false,false,false,true,true,true
000000000000000AAA,IndustriesSettings.IsOutboundPaymentsPrefEnabled,IsOutboundPaymentsPrefEnabled,IndustriesSettings,,IsOutboundPaymentsPrefEnabled,__MISSING LABEL__ PropertyFile - val IsOutboundPaymentsPrefEnabled not found in section udd_SettingsTemplate,__MISSING LABEL__ PropertyFile - val IsOutboundPaymentsPrefEnabled not found in section udd_SettingsTemplate,チェックボックス,false,false,false,true,true,true
000000000000000AAA,IndustriesSettings.IsOutcomesEnabled,IsOutcomesEnabled,IndustriesSettings,,IsOutcomesEnabled,__MISSING LABEL__ PropertyFile - val IsOutcomesEnabled not found in section udd_SettingsTemplate,__MISSING LABEL__ PropertyFile - val IsOutcomesEnabled not found in section udd_SettingsTemplate,チェックボックス,false,false,false,true,true,true
000000000000000AAA,IndustriesSettings.IsOverbookingOrgPrefEnabled,IsOverbookingOrgPrefEnabled,IndustriesSettings,,IsOverbookingOrgPrefEnabled,__MISSING LABEL__ PropertyFile - val IsOverbookingOrgPrefEnabled not found in section udd_SettingsTemplate,__MISSING LABEL__ PropertyFile - val IsOverbookingOrgPrefEnabled not found in section udd_SettingsTemplate,チェックボックス,false,false,false,true,true,true
000000000000000AAA,IndustriesSettings.IsOverbookingWithGroupOrgPrefEnabled,IsOverbookingWithGroupOrgPrefEnabled,IndustriesSettings,,IsOverbookingWithGroupOrgPrefEnabled,__MISSING LABEL__ PropertyFile - val IsOverbookingWithGroupOrgPrefEnabled not found in section udd_SettingsTemplate,__MISSING LABEL__ PropertyFile - val IsOverbookingWithGroupOrgPrefEnabled not found in section udd_SettingsTemplate,チェックボックス,false,false,false,true,true,true
000000000000000AAA,IndustriesSettings.IsPartyProfileDataValidityPrefEnabled,IsPartyProfileDataValidityPrefEnabled,IndustriesSettings,,IsPartyProfileDataValidityPrefEnabled,__MISSING LABEL__ PropertyFile - val IsPartyProfileDataValidityPrefEnabled not found in section udd_SettingsTemplate,__MISSING LABEL__ PropertyFile - val IsPartyProfileDataValidityPrefEnabled not found in section udd_SettingsTemplate,チェックボックス,false,false,false,true,true,true
000000000000000AAA,IndustriesSettings.IsPartyProfileParentSharingOrgPrefEnabled,IsPartyProfileParentSharingOrgPrefEnabled,IndustriesSettings,,IsPartyProfileParentSharingOrgPrefEnabled,__MISSING LABEL__ PropertyFile - val IsPartyProfileParentSharingOrgPrefEnabled not found in section udd_SettingsTemplate,__MISSING LABEL__ PropertyFile - val IsPartyProfileParentSharingOrgPrefEnabled not found in section udd_SettingsTemplate,チェックボックス,false,false,false,true,true,true
000000000000000AAA,IndustriesSettings.IsPartyprofParentMultiSharingOrgPrefEnabled,IsPartyprofParentMultiSharingOrgPrefEnabled,IndustriesSettings,,IsPartyprofParentMultiSharingOrgPrefEnabled,__MISSING LABEL__ PropertyFile - val IsPartyprofParentMultiSharingOrgPrefEnabled not found in section udd_SettingsTemplate,__MISSING LABEL__ PropertyFile - val IsPartyprofParentMultiSharingOrgPrefEnabled not found in section udd_SettingsTemplate,チェックボックス,false,false,false,true,true,true
000000000000000AAA,IndustriesSettings.IsPathwayPlannerRealTimeValidationEnabled,IsPathwayPlannerRealTimeValidationEnabled,IndustriesSettings,,IsPathwayPlannerRealTimeValidationEnabled,__MISSING LABEL__ PropertyFile - val IsPathwayPlannerRealTimeValidationEnabled not found in section udd_SettingsTemplate,__MISSING LABEL__ PropertyFile - val IsPathwayPlannerRealTimeValidationEnabled not found in section udd_SettingsTemplate,チェックボックス,false,false,false,true,true,true
000000000000000AAA,IndustriesSettings.IsPatientAppointmentSchedulingOrgPrefEnabled,IsPatientAppointmentSchedulingOrgPrefEnabled,IndustriesSettings,,IsPatientAppointmentSchedulingOrgPrefEnabled,__MISSING LABEL__ PropertyFile - val IsPatientAppointmentSchedulingOrgPrefEnabled not found in section udd_SettingsTemplate,__MISSING LABEL__ PropertyFile - val IsPatientAppointmentSchedulingOrgPrefEnabled not found in section udd_SettingsTemplate,チェックボックス,false,false,false,true,true,true
000000000000000AAA,IndustriesSettings.IsPatientServicesOrchestrationEnabled,IsPatientServicesOrchestrationEnabled,IndustriesSettings,,IsPatientServicesOrchestrationEnabled,__MISSING LABEL__ PropertyFile - val IsPatientServicesOrchestrationEnabled not found in section udd_SettingsTemplate,__MISSING LABEL__ PropertyFile - val IsPatientServicesOrchestrationEnabled not found in section udd_SettingsTemplate,チェックボックス,false,false,false,true,true,true
000000000000000AAA,IndustriesSettings.IsPatsTerritoryBasedSharingEnabled,IsPatsTerritoryBasedSharingEnabled,IndustriesSettings,,IsPatsTerritoryBasedSharingEnabled,__MISSING LABEL__ PropertyFile - val IsPatsTerritoryBasedSharingEnabled not found in section udd_SettingsTemplate,__MISSING LABEL__ PropertyFile - val IsPatsTerritoryBasedSharingEnabled not found in section udd_SettingsTemplate,チェックボックス,false,false,false,true,true,true
000000000000000AAA,IndustriesSettings.IsPaymentsIntegrationPrefEnabled,IsPaymentsIntegrationPrefEnabled,IndustriesSettings,,IsPaymentsIntegrationPrefEnabled,__MISSING LABEL__ PropertyFile - val IsPaymentsIntegrationPrefEnabled not found in section udd_SettingsTemplate,__MISSING LABEL__ PropertyFile - val IsPaymentsIntegrationPrefEnabled not found in section udd_SettingsTemplate,チェックボックス,false,false,false,true,true,true
000000000000000AAA,IndustriesSettings.IsPcmConfigRulesEnabled,IsPcmConfigRulesEnabled,IndustriesSettings,,IsPcmConfigRulesEnabled,__MISSING LABEL__ PropertyFile - val IsPcmConfigRulesEnabled not found in section udd_SettingsTemplate,__MISSING LABEL__ PropertyFile - val IsPcmConfigRulesEnabled not found in section udd_SettingsTemplate,チェックボックス,false,false,false,true,true,true
000000000000000AAA,IndustriesSettings.IsPersonAcctAddrSyncEnabled,IsPersonAcctAddrSyncEnabled,IndustriesSettings,,IsPersonAcctAddrSyncEnabled,__MISSING LABEL__ PropertyFile - val IsPersonAcctAddrSyncEnabled not found in section udd_SettingsTemplate,__MISSING LABEL__ PropertyFile - val IsPersonAcctAddrSyncEnabled not found in section udd_SettingsTemplate,チェックボックス,false,false,false,true,true,true
000000000000000AAA,IndustriesSettings.IsPhilResearchAgentEnabled,IsPhilResearchAgentEnabled,IndustriesSettings,,IsPhilResearchAgentEnabled,__MISSING LABEL__ PropertyFile - val IsPhilResearchAgentEnabled not found in section udd_SettingsTemplate,__MISSING LABEL__ PropertyFile - val IsPhilResearchAgentEnabled not found in section udd_SettingsTemplate,チェックボックス,false,false,false,true,true,true
000000000000000AAA,IndustriesSettings.IsPolicyAdministrationEnabled,IsPolicyAdministrationEnabled,IndustriesSettings,,IsPolicyAdministrationEnabled,__MISSING LABEL__ PropertyFile - val IsPolicyAdministrationEnabled not found in section udd_SettingsTemplate,__MISSING LABEL__ PropertyFile - val IsPolicyAdministrationEnabled not found in section udd_SettingsTemplate,チェックボックス,false,false,false,true,true,true
000000000000000AAA,IndustriesSettings.IsPolicyAgentPrefEnabled,IsPolicyAgentPrefEnabled,IndustriesSettings,,IsPolicyAgentPrefEnabled,__MISSING LABEL__ PropertyFile - val IsPolicyAgentPrefEnabled not found in section udd_SettingsTemplate,__MISSING LABEL__ PropertyFile - val IsPolicyAgentPrefEnabled not found in section udd_SettingsTemplate,チェックボックス,false,false,false,true,true,true
000000000000000AAA,IndustriesSettings.IsPositionRecruitmentPrefEnabled,IsPositionRecruitmentPrefEnabled,IndustriesSettings,,IsPositionRecruitmentPrefEnabled,__MISSING LABEL__ PropertyFile - val IsPositionRecruitmentPrefEnabled not found in section udd_SettingsTemplate,__MISSING LABEL__ PropertyFile - val IsPositionRecruitmentPrefEnabled not found in section udd_SettingsTemplate,チェックボックス,false,false,false,true,true,true
000000000000000AAA,IndustriesSettings.IsPreBookedFallbackMechOrgPrefEnabled,IsPreBookedFallbackMechOrgPrefEnabled,IndustriesSettings,,IsPreBookedFallbackMechOrgPrefEnabled,__MISSING LABEL__ PropertyFile - val IsPreBookedFallbackMechOrgPrefEnabled not found in section udd_SettingsTemplate,__MISSING LABEL__ PropertyFile - val IsPreBookedFallbackMechOrgPrefEnabled not found in section udd_SettingsTemplate,チェックボックス,false,false,false,true,true,true
000000000000000AAA,IndustriesSettings.IsPrefillMcgAssessmentSettingEnabled,IsPrefillMcgAssessmentSettingEnabled,IndustriesSettings,,IsPrefillMcgAssessmentSettingEnabled,__MISSING LABEL__ PropertyFile - val IsPrefillMcgAssessmentSettingEnabled not found in section udd_SettingsTemplate,__MISSING LABEL__ PropertyFile - val IsPrefillMcgAssessmentSettingEnabled not found in section udd_SettingsTemplate,チェックボックス,false,false,false,true,true,true
000000000000000AAA,IndustriesSettings.IsPrimaryProviderRestrictionEnabled,IsPrimaryProviderRestrictionEnabled,IndustriesSettings,,IsPrimaryProviderRestrictionEnabled,__MISSING LABEL__ PropertyFile - val IsPrimaryProviderRestrictionEnabled not found in section udd_SettingsTemplate,__MISSING LABEL__ PropertyFile - val IsPrimaryProviderRestrictionEnabled not found in section udd_SettingsTemplate,チェックボックス,false,false,false,true,true,true
000000000000000AAA,IndustriesSettings.IsProdAdminBusinessGrpFilterEnabled,IsProdAdminBusinessGrpFilterEnabled,IndustriesSettings,,IsProdAdminBusinessGrpFilterEnabled,__MISSING LABEL__ PropertyFile - val IsProdAdminBusinessGrpFilterEnabled not found in section udd_SettingsTemplate,__MISSING LABEL__ PropertyFile - val IsProdAdminBusinessGrpFilterEnabled not found in section udd_SettingsTemplate,チェックボックス,false,false,false,true,true,true
000000000000000AAA,IndustriesSettings.IsProdTerrAlgnPrtHrchyAccEnabled,IsProdTerrAlgnPrtHrchyAccEnabled,IndustriesSettings,,IsProdTerrAlgnPrtHrchyAccEnabled,__MISSING LABEL__ PropertyFile - val IsProdTerrAlgnPrtHrchyAccEnabled not found in section udd_SettingsTemplate,__MISSING LABEL__ PropertyFile - val IsProdTerrAlgnPrtHrchyAccEnabled not found in section udd_SettingsTemplate,チェックボックス,false,false,false,true,true,true
000000000000000AAA,IndustriesSettings.IsProdTerrAvlRecSharingEnabled,IsProdTerrAvlRecSharingEnabled,IndustriesSettings,,IsProdTerrAvlRecSharingEnabled,__MISSING LABEL__ PropertyFile - val IsProdTerrAvlRecSharingEnabled not found in section udd_SettingsTemplate,__MISSING LABEL__ PropertyFile - val IsProdTerrAvlRecSharingEnabled not found in section udd_SettingsTemplate,チェックボックス,false,false,false,true,true,true
000000000000000AAA,IndustriesSettings.IsProgramCohortsEnabled,IsProgramCohortsEnabled,IndustriesSettings,,IsProgramCohortsEnabled,__MISSING LABEL__ PropertyFile - val IsProgramCohortsEnabled not found in section udd_SettingsTemplate,__MISSING LABEL__ PropertyFile - val IsProgramCohortsEnabled not found in section udd_SettingsTemplate,チェックボックス,false,false,false,true,true,true
000000000000000AAA,IndustriesSettings.IsProviderManagementPrefEnabled,IsProviderManagementPrefEnabled,IndustriesSettings,,IsProviderManagementPrefEnabled,__MISSING LABEL__ PropertyFile - val IsProviderManagementPrefEnabled not found in section udd_SettingsTemplate,__MISSING LABEL__ PropertyFile - val IsProviderManagementPrefEnabled not found in section udd_SettingsTemplate,チェックボックス,false,false,false,true,true,true
000000000000000AAA,IndustriesSettings.IsProviderMgmtHealthCarePrefEnabled,IsProviderMgmtHealthCarePrefEnabled,IndustriesSettings,,IsProviderMgmtHealthCarePrefEnabled,__MISSING LABEL__ PropertyFile - val IsProviderMgmtHealthCarePrefEnabled not found in section udd_SettingsTemplate,__MISSING LABEL__ PropertyFile - val IsProviderMgmtHealthCarePrefEnabled not found in section udd_SettingsTemplate,チェックボックス,false,false,false,true,true,true
000000000000000AAA,IndustriesSettings.IsProviderMgmtSharingPrefEnabled,IsProviderMgmtSharingPrefEnabled,IndustriesSettings,,IsProviderMgmtSharingPrefEnabled,__MISSING LABEL__ PropertyFile - val IsProviderMgmtSharingPrefEnabled not found in section udd_SettingsTemplate,__MISSING LABEL__ PropertyFile - val IsProviderMgmtSharingPrefEnabled not found in section udd_SettingsTemplate,チェックボックス,false,false,false,true,true,true
000000000000000AAA,IndustriesSettings.IsProviderSearchForGuestUserEnabled,IsProviderSearchForGuestUserEnabled,IndustriesSettings,,IsProviderSearchForGuestUserEnabled,__MISSING LABEL__ PropertyFile - val IsProviderSearchForGuestUserEnabled not found in section udd_SettingsTemplate,__MISSING LABEL__ PropertyFile - val IsProviderSearchForGuestUserEnabled not found in section udd_SettingsTemplate,チェックボックス,false,false,false,true,true,true
000000000000000AAA,IndustriesSettings.IsProviderSearchPreciseMatchEnabled,IsProviderSearchPreciseMatchEnabled,IndustriesSettings,,IsProviderSearchPreciseMatchEnabled,__MISSING LABEL__ PropertyFile - val IsProviderSearchPreciseMatchEnabled not found in section udd_SettingsTemplate,__MISSING LABEL__ PropertyFile - val IsProviderSearchPreciseMatchEnabled not found in section udd_SettingsTemplate,チェックボックス,false,false,false,true,true,true
000000000000000AAA,IndustriesSettings.IsProviderSearchSyncOrgPrefEnabled,IsProviderSearchSyncOrgPrefEnabled,IndustriesSettings,,IsProviderSearchSyncOrgPrefEnabled,__MISSING LABEL__ PropertyFile - val IsProviderSearchSyncOrgPrefEnabled not found in section udd_SettingsTemplate,__MISSING LABEL__ PropertyFile - val IsProviderSearchSyncOrgPrefEnabled not found in section udd_SettingsTemplate,チェックボックス,false,false,false,true,true,true
000000000000000AAA,IndustriesSettings.IsProviderSummarizationEnabled,IsProviderSummarizationEnabled,IndustriesSettings,,IsProviderSummarizationEnabled,__MISSING LABEL__ PropertyFile - val IsProviderSummarizationEnabled not found in section udd_SettingsTemplate,__MISSING LABEL__ PropertyFile - val IsProviderSummarizationEnabled not found in section udd_SettingsTemplate,チェックボックス,false,false,false,true,true,true
000000000000000AAA,IndustriesSettings.IsPssBenefitMgmtTabNextPrefEnabled,IsPssBenefitMgmtTabNextPrefEnabled,IndustriesSettings,,IsPssBenefitMgmtTabNextPrefEnabled,__MISSING LABEL__ PropertyFile - val IsPssBenefitMgmtTabNextPrefEnabled not found in section udd_SettingsTemplate,__MISSING LABEL__ PropertyFile - val IsPssBenefitMgmtTabNextPrefEnabled not found in section udd_SettingsTemplate,チェックボックス,false,false,false,true,true,true
000000000000000AAA,IndustriesSettings.IsPssBnftMgmtSklCmtyPrefEnabled,IsPssBnftMgmtSklCmtyPrefEnabled,IndustriesSettings,,IsPssBnftMgmtSklCmtyPrefEnabled,__MISSING LABEL__ PropertyFile - val IsPssBnftMgmtSklCmtyPrefEnabled not found in section udd_SettingsTemplate,__MISSING LABEL__ PropertyFile - val IsPssBnftMgmtSklCmtyPrefEnabled not found in section udd_SettingsTemplate,チェックボックス,false,false,false,true,true,true
000000000000000AAA,IndustriesSettings.IsPssBnftMgmtSklCoCmtyPrefEnabled,IsPssBnftMgmtSklCoCmtyPrefEnabled,IndustriesSettings,,IsPssBnftMgmtSklCoCmtyPrefEnabled,__MISSING LABEL__ PropertyFile - val IsPssBnftMgmtSklCoCmtyPrefEnabled not found in section udd_SettingsTemplate,__MISSING LABEL__ PropertyFile - val IsPssBnftMgmtSklCoCmtyPrefEnabled not found in section udd_SettingsTemplate,チェックボックス,false,false,false,true,true,true
000000000000000AAA,IndustriesSettings.IsPssCmplntMgmtSklCmtyPrefEnabled,IsPssCmplntMgmtSklCmtyPrefEnabled,IndustriesSettings,,IsPssCmplntMgmtSklCmtyPrefEnabled,__MISSING LABEL__ PropertyFile - val IsPssCmplntMgmtSklCmtyPrefEnabled not found in section udd_SettingsTemplate,__MISSING LABEL__ PropertyFile - val IsPssCmplntMgmtSklCmtyPrefEnabled not found in section udd_SettingsTemplate,チェックボックス,false,false,false,true,true,true
000000000000000AAA,IndustriesSettings.IsPssLicPrmtTabNextPrefEnabled,IsPssLicPrmtTabNextPrefEnabled,IndustriesSettings,,IsPssLicPrmtTabNextPrefEnabled,__MISSING LABEL__ PropertyFile - val IsPssLicPrmtTabNextPrefEnabled not found in section udd_SettingsTemplate,__MISSING LABEL__ PropertyFile - val IsPssLicPrmtTabNextPrefEnabled not found in section udd_SettingsTemplate,チェックボックス,false,false,false,true,true,true
000000000000000AAA,IndustriesSettings.IsPssLpiSklCmtyPrefEnabled,IsPssLpiSklCmtyPrefEnabled,IndustriesSettings,,IsPssLpiSklCmtyPrefEnabled,__MISSING LABEL__ PropertyFile - val IsPssLpiSklCmtyPrefEnabled not found in section udd_SettingsTemplate,__MISSING LABEL__ PropertyFile - val IsPssLpiSklCmtyPrefEnabled not found in section udd_SettingsTemplate,チェックボックス,false,false,false,true,true,true
000000000000000AAA,IndustriesSettings.IsPssLpiSklCoCmtyPrefEnabled,IsPssLpiSklCoCmtyPrefEnabled,IndustriesSettings,,IsPssLpiSklCoCmtyPrefEnabled,__MISSING LABEL__ PropertyFile - val IsPssLpiSklCoCmtyPrefEnabled not found in section udd_SettingsTemplate,__MISSING LABEL__ PropertyFile - val IsPssLpiSklCoCmtyPrefEnabled not found in section udd_SettingsTemplate,チェックボックス,false,false,false,true,true,true
000000000000000AAA,IndustriesSettings.IsPublicSectorDocumentAiPrefEnabled,IsPublicSectorDocumentAiPrefEnabled,IndustriesSettings,,IsPublicSectorDocumentAiPrefEnabled,__MISSING LABEL__ PropertyFile - val IsPublicSectorDocumentAiPrefEnabled not found in section udd_SettingsTemplate,__MISSING LABEL__ PropertyFile - val IsPublicSectorDocumentAiPrefEnabled not found in section udd_SettingsTemplate,チェックボックス,false,false,false,true,true,true
000000000000000AAA,IndustriesSettings.IsPubSectrCmplMgmtSklPrefEnabled,IsPubSectrCmplMgmtSklPrefEnabled,IndustriesSettings,,IsPubSectrCmplMgmtSklPrefEnabled,__MISSING LABEL__ PropertyFile - val IsPubSectrCmplMgmtSklPrefEnabled not found in section udd_SettingsTemplate,__MISSING LABEL__ PropertyFile - val IsPubSectrCmplMgmtSklPrefEnabled not found in section udd_SettingsTemplate,チェックボックス,false,false,false,true,true,true
000000000000000AAA,IndustriesSettings.IsPubSectrCmplntMgmtSklPrefEnabled,IsPubSectrCmplntMgmtSklPrefEnabled,IndustriesSettings,,IsPubSectrCmplntMgmtSklPrefEnabled,__MISSING LABEL__ PropertyFile - val IsPubSectrCmplntMgmtSklPrefEnabled not found in section udd_SettingsTemplate,__MISSING LABEL__ PropertyFile - val IsPubSectrCmplntMgmtSklPrefEnabled not found in section udd_SettingsTemplate,チェックボックス,false,false,false,true,true,true
000000000000000AAA,IndustriesSettings.IsPulseChecksEnabled,IsPulseChecksEnabled,IndustriesSettings,,IsPulseChecksEnabled,__MISSING LABEL__ PropertyFile - val IsPulseChecksEnabled not found in section udd_SettingsTemplate,__MISSING LABEL__ PropertyFile - val IsPulseChecksEnabled not found in section udd_SettingsTemplate,チェックボックス,false,false,false,true,true,true
000000000000000AAA,IndustriesSettings.IsRblUsingCalcServiceEnabled,IsRblUsingCalcServiceEnabled,IndustriesSettings,,IsRblUsingCalcServiceEnabled,__MISSING LABEL__ PropertyFile - val IsRblUsingCalcServiceEnabled not found in section udd_SettingsTemplate,__MISSING LABEL__ PropertyFile - val IsRblUsingCalcServiceEnabled not found in section udd_SettingsTemplate,チェックボックス,false,false,false,true,true,true
000000000000000AAA,IndustriesSettings.IsRcEnabled,IsRcEnabled,IndustriesSettings,,IsRcEnabled,__MISSING LABEL__ PropertyFile - val IsRcEnabled not found in section udd_SettingsTemplate,__MISSING LABEL__ PropertyFile - val IsRcEnabled not found in section udd_SettingsTemplate,チェックボックス,false,false,false,true,true,true
000000000000000AAA,IndustriesSettings.IsRecordAlertCustomSharingPrefEnabled,IsRecordAlertCustomSharingPrefEnabled,IndustriesSettings,,IsRecordAlertCustomSharingPrefEnabled,__MISSING LABEL__ PropertyFile - val IsRecordAlertCustomSharingPrefEnabled not found in section udd_SettingsTemplate,__MISSING LABEL__ PropertyFile - val IsRecordAlertCustomSharingPrefEnabled not found in section udd_SettingsTemplate,チェックボックス,false,false,false,true,true,true
000000000000000AAA,IndustriesSettings.IsRecordRollupEnabled,IsRecordRollupEnabled,IndustriesSettings,,IsRecordRollupEnabled,__MISSING LABEL__ PropertyFile - val IsRecordRollupEnabled not found in section udd_SettingsTemplate,__MISSING LABEL__ PropertyFile - val IsRecordRollupEnabled not found in section udd_SettingsTemplate,チェックボックス,false,false,false,true,true,true
000000000000000AAA,IndustriesSettings.IsReferralManagementAppEnabled,IsReferralManagementAppEnabled,IndustriesSettings,,IsReferralManagementAppEnabled,__MISSING LABEL__ PropertyFile - val IsReferralManagementAppEnabled not found in section udd_SettingsTemplate,__MISSING LABEL__ PropertyFile - val IsReferralManagementAppEnabled not found in section udd_SettingsTemplate,チェックボックス,false,false,false,true,true,true
000000000000000AAA,IndustriesSettings.IsReferralScoringEnabled,IsReferralScoringEnabled,IndustriesSettings,,IsReferralScoringEnabled,__MISSING LABEL__ PropertyFile - val IsReferralScoringEnabled not found in section udd_SettingsTemplate,__MISSING LABEL__ PropertyFile - val IsReferralScoringEnabled not found in section udd_SettingsTemplate,チェックボックス,false,false,false,true,true,true
000000000000000AAA,IndustriesSettings.IsRemindersEnabled,IsRemindersEnabled,IndustriesSettings,,IsRemindersEnabled,__MISSING LABEL__ PropertyFile - val IsRemindersEnabled not found in section udd_SettingsTemplate,__MISSING LABEL__ PropertyFile - val IsRemindersEnabled not found in section udd_SettingsTemplate,チェックボックス,false,false,false,true,true,true
000000000000000AAA,IndustriesSettings.IsRetailPosEnabled,IsRetailPosEnabled,IndustriesSettings,,IsRetailPosEnabled,__MISSING LABEL__ PropertyFile - val IsRetailPosEnabled not found in section udd_SettingsTemplate,__MISSING LABEL__ PropertyFile - val IsRetailPosEnabled not found in section udd_SettingsTemplate,チェックボックス,false,false,false,true,true,true
000000000000000AAA,IndustriesSettings.IsRosterFileFeatureOrgPreferenceEnabled,IsRosterFileFeatureOrgPreferenceEnabled,IndustriesSettings,,IsRosterFileFeatureOrgPreferenceEnabled,__MISSING LABEL__ PropertyFile - val IsRosterFileFeatureOrgPreferenceEnabled not found in section udd_SettingsTemplate,__MISSING LABEL__ PropertyFile - val IsRosterFileFeatureOrgPreferenceEnabled not found in section udd_SettingsTemplate,チェックボックス,false,false,false,true,true,true
000000000000000AAA,IndustriesSettings.IsSampleLimitsEnabled,IsSampleLimitsEnabled,IndustriesSettings,,IsSampleLimitsEnabled,__MISSING LABEL__ PropertyFile - val IsSampleLimitsEnabled not found in section udd_SettingsTemplate,__MISSING LABEL__ PropertyFile - val IsSampleLimitsEnabled not found in section udd_SettingsTemplate,チェックボックス,false,false,false,true,true,true
000000000000000AAA,IndustriesSettings.IsSaveActionsForInternalAssessmentsSettingEnabled,IsSaveActionsForInternalAssessmentsSettingEnabled,IndustriesSettings,,IsSaveActionsForInternalAssessmentsSettingEnabled,__MISSING LABEL__ PropertyFile - val IsSaveActionsForInternalAssessmentsSettingEnabled not found in section udd_SettingsTemplate,__MISSING LABEL__ PropertyFile - val IsSaveActionsForInternalAssessmentsSettingEnabled not found in section udd_SettingsTemplate,チェックボックス,false,false,false,true,true,true
000000000000000AAA,IndustriesSettings.IsSaveAssessmentAsDraftEnabled,IsSaveAssessmentAsDraftEnabled,IndustriesSettings,,IsSaveAssessmentAsDraftEnabled,__MISSING LABEL__ PropertyFile - val IsSaveAssessmentAsDraftEnabled not found in section udd_SettingsTemplate,__MISSING LABEL__ PropertyFile - val IsSaveAssessmentAsDraftEnabled not found in section udd_SettingsTemplate,チェックボックス,false,false,false,true,true,true
000000000000000AAA,IndustriesSettings.IsScAllocScorEmssnSpentAmtEnabled,IsScAllocScorEmssnSpentAmtEnabled,IndustriesSettings,,IsScAllocScorEmssnSpentAmtEnabled,__MISSING LABEL__ PropertyFile - val IsScAllocScorEmssnSpentAmtEnabled not found in section udd_SettingsTemplate,__MISSING LABEL__ PropertyFile - val IsScAllocScorEmssnSpentAmtEnabled not found in section udd_SettingsTemplate,チェックボックス,false,false,false,true,true,true
000000000000000AAA,IndustriesSettings.IsScAssignFootprintEnabled,IsScAssignFootprintEnabled,IndustriesSettings,,IsScAssignFootprintEnabled,__MISSING LABEL__ PropertyFile - val IsScAssignFootprintEnabled not found in section udd_SettingsTemplate,__MISSING LABEL__ PropertyFile - val IsScAssignFootprintEnabled not found in section udd_SettingsTemplate,チェックボックス,false,false,false,true,true,true
000000000000000AAA,IndustriesSettings.IsScbeiEnabledEnabled,IsScbeiEnabledEnabled,IndustriesSettings,,IsScbeiEnabledEnabled,__MISSING LABEL__ PropertyFile - val IsScbeiEnabledEnabled not found in section udd_SettingsTemplate,__MISSING LABEL__ PropertyFile - val IsScbeiEnabledEnabled not found in section udd_SettingsTemplate,チェックボックス,false,false,false,true,true,true
000000000000000AAA,IndustriesSettings.IsScCarbonAccountingEnabled,IsScCarbonAccountingEnabled,IndustriesSettings,,IsScCarbonAccountingEnabled,__MISSING LABEL__ PropertyFile - val IsScCarbonAccountingEnabled not found in section udd_SettingsTemplate,__MISSING LABEL__ PropertyFile - val IsScCarbonAccountingEnabled not found in section udd_SettingsTemplate,チェックボックス,false,false,false,true,true,true
000000000000000AAA,IndustriesSettings.IsScCarbonCreditAllocEnabled,IsScCarbonCreditAllocEnabled,IndustriesSettings,,IsScCarbonCreditAllocEnabled,__MISSING LABEL__ PropertyFile - val IsScCarbonCreditAllocEnabled not found in section udd_SettingsTemplate,__MISSING LABEL__ PropertyFile - val IsScCarbonCreditAllocEnabled not found in section udd_SettingsTemplate,チェックボックス,false,false,false,true,true,true
000000000000000AAA,IndustriesSettings.IsScCreateFootprintEnabled,IsScCreateFootprintEnabled,IndustriesSettings,,IsScCreateFootprintEnabled,__MISSING LABEL__ PropertyFile - val IsScCreateFootprintEnabled not found in section udd_SettingsTemplate,__MISSING LABEL__ PropertyFile - val IsScCreateFootprintEnabled not found in section udd_SettingsTemplate,チェックボックス,false,false,false,true,true,true
000000000000000AAA,IndustriesSettings.IsScdgfEnabled,IsScdgfEnabled,IndustriesSettings,,IsScdgfEnabled,__MISSING LABEL__ PropertyFile - val IsScdgfEnabled not found in section udd_SettingsTemplate,__MISSING LABEL__ PropertyFile - val IsScdgfEnabled not found in section udd_SettingsTemplate,チェックボックス,false,false,false,true,true,true
000000000000000AAA,IndustriesSettings.IsScEmssnsForecastingEnabled,IsScEmssnsForecastingEnabled,IndustriesSettings,,IsScEmssnsForecastingEnabled,__MISSING LABEL__ PropertyFile - val IsScEmssnsForecastingEnabled not found in section udd_SettingsTemplate,__MISSING LABEL__ PropertyFile - val IsScEmssnsForecastingEnabled not found in section udd_SettingsTemplate,チェックボックス,false,false,false,true,true,true
000000000000000AAA,IndustriesSettings.IsScExpansionUseCaseEnabled,IsScExpansionUseCaseEnabled,IndustriesSettings,,IsScExpansionUseCaseEnabled,__MISSING LABEL__ PropertyFile - val IsScExpansionUseCaseEnabled not found in section udd_SettingsTemplate,__MISSING LABEL__ PropertyFile - val IsScExpansionUseCaseEnabled not found in section udd_SettingsTemplate,チェックボックス,false,false,false,true,true,true
000000000000000AAA,IndustriesSettings.IsScExpansionUseCaseMultiLevelEnabled,IsScExpansionUseCaseMultiLevelEnabled,IndustriesSettings,,IsScExpansionUseCaseMultiLevelEnabled,__MISSING LABEL__ PropertyFile - val IsScExpansionUseCaseMultiLevelEnabled not found in section udd_SettingsTemplate,__MISSING LABEL__ PropertyFile - val IsScExpansionUseCaseMultiLevelEnabled not found in section udd_SettingsTemplate,チェックボックス,false,false,false,true,true,true
000000000000000AAA,IndustriesSettings.IsScExternalEngMgmtEnabled,IsScExternalEngMgmtEnabled,IndustriesSettings,,IsScExternalEngMgmtEnabled,__MISSING LABEL__ PropertyFile - val IsScExternalEngMgmtEnabled not found in section udd_SettingsTemplate,__MISSING LABEL__ PropertyFile - val IsScExternalEngMgmtEnabled not found in section udd_SettingsTemplate,チェックボックス,false,false,false,true,true,true
000000000000000AAA,IndustriesSettings.IsScGenrateCnsmpRcdEnabled,IsScGenrateCnsmpRcdEnabled,IndustriesSettings,,IsScGenrateCnsmpRcdEnabled,__MISSING LABEL__ PropertyFile - val IsScGenrateCnsmpRcdEnabled not found in section udd_SettingsTemplate,__MISSING LABEL__ PropertyFile - val IsScGenrateCnsmpRcdEnabled not found in section udd_SettingsTemplate,チェックボックス,false,false,false,true,true,true
000000000000000AAA,IndustriesSettings.IsSchedulerPaymentsPrefEnabled,IsSchedulerPaymentsPrefEnabled,IndustriesSettings,,IsSchedulerPaymentsPrefEnabled,__MISSING LABEL__ PropertyFile - val IsSchedulerPaymentsPrefEnabled not found in section udd_SettingsTemplate,__MISSING LABEL__ PropertyFile - val IsSchedulerPaymentsPrefEnabled not found in section udd_SettingsTemplate,チェックボックス,false,false,false,true,true,true
000000000000000AAA,IndustriesSettings.IsScoringFrameworkCrmaPrefEnabled,IsScoringFrameworkCrmaPrefEnabled,IndustriesSettings,,IsScoringFrameworkCrmaPrefEnabled,__MISSING LABEL__ PropertyFile - val IsScoringFrameworkCrmaPrefEnabled not found in section udd_SettingsTemplate,__MISSING LABEL__ PropertyFile - val IsScoringFrameworkCrmaPrefEnabled not found in section udd_SettingsTemplate,チェックボックス,false,false,false,true,true,true
000000000000000AAA,IndustriesSettings.IsScoringFrameworkOrgPrefEnabled,IsScoringFrameworkOrgPrefEnabled,IndustriesSettings,,IsScoringFrameworkOrgPrefEnabled,__MISSING LABEL__ PropertyFile - val IsScoringFrameworkOrgPrefEnabled not found in section udd_SettingsTemplate,__MISSING LABEL__ PropertyFile - val IsScoringFrameworkOrgPrefEnabled not found in section udd_SettingsTemplate,チェックボックス,false,false,false,true,true,true
000000000000000AAA,IndustriesSettings.IsScScope3HubEnabledEnabled,IsScScope3HubEnabledEnabled,IndustriesSettings,,IsScScope3HubEnabledEnabled,__MISSING LABEL__ PropertyFile - val IsScScope3HubEnabledEnabled not found in section udd_SettingsTemplate,__MISSING LABEL__ PropertyFile - val IsScScope3HubEnabledEnabled not found in section udd_SettingsTemplate,チェックボックス,false,false,false,true,true,true
000000000000000AAA,IndustriesSettings.IsScSnGaffiliatesEnabled,IsScSnGaffiliatesEnabled,IndustriesSettings,,IsScSnGaffiliatesEnabled,__MISSING LABEL__ PropertyFile - val IsScSnGaffiliatesEnabled not found in section udd_SettingsTemplate,__MISSING LABEL__ PropertyFile - val IsScSnGaffiliatesEnabled not found in section udd_SettingsTemplate,チェックボックス,false,false,false,true,true,true
000000000000000AAA,IndustriesSettings.IsScsngManagementEnabled,IsScsngManagementEnabled,IndustriesSettings,,IsScsngManagementEnabled,__MISSING LABEL__ PropertyFile - val IsScsngManagementEnabled not found in section udd_SettingsTemplate,__MISSING LABEL__ PropertyFile - val IsScsngManagementEnabled not found in section udd_SettingsTemplate,チェックボックス,false,false,false,true,true,true
000000000000000AAA,IndustriesSettings.IsScSplitCnsmpRcdEnabled,IsScSplitCnsmpRcdEnabled,IndustriesSettings,,IsScSplitCnsmpRcdEnabled,__MISSING LABEL__ PropertyFile - val IsScSplitCnsmpRcdEnabled not found in section udd_SettingsTemplate,__MISSING LABEL__ PropertyFile - val IsScSplitCnsmpRcdEnabled not found in section udd_SettingsTemplate,チェックボックス,false,false,false,true,true,true
000000000000000AAA,IndustriesSettings.IsScTargetSettingEnabled,IsScTargetSettingEnabled,IndustriesSettings,,IsScTargetSettingEnabled,__MISSING LABEL__ PropertyFile - val IsScTargetSettingEnabled not found in section udd_SettingsTemplate,__MISSING LABEL__ PropertyFile - val IsScTargetSettingEnabled not found in section udd_SettingsTemplate,チェックボックス,false,false,false,true,true,true
000000000000000AAA,IndustriesSettings.IsScWasteManagementEnabled,IsScWasteManagementEnabled,IndustriesSettings,,IsScWasteManagementEnabled,__MISSING LABEL__ PropertyFile - val IsScWasteManagementEnabled not found in section udd_SettingsTemplate,__MISSING LABEL__ PropertyFile - val IsScWasteManagementEnabled not found in section udd_SettingsTemplate,チェックボックス,false,false,false,true,true,true
000000000000000AAA,IndustriesSettings.IsScWaterManagementEnabled,IsScWaterManagementEnabled,IndustriesSettings,,IsScWaterManagementEnabled,__MISSING LABEL__ PropertyFile - val IsScWaterManagementEnabled not found in section udd_SettingsTemplate,__MISSING LABEL__ PropertyFile - val IsScWaterManagementEnabled not found in section udd_SettingsTemplate,チェックボックス,false,false,false,true,true,true
000000000000000AAA,IndustriesSettings.IsSentimentAnalysisEnabled,IsSentimentAnalysisEnabled,IndustriesSettings,,IsSentimentAnalysisEnabled,__MISSING LABEL__ PropertyFile - val IsSentimentAnalysisEnabled not found in section udd_SettingsTemplate,__MISSING LABEL__ PropertyFile - val IsSentimentAnalysisEnabled not found in section udd_SettingsTemplate,チェックボックス,false,false,false,true,true,true
000000000000000AAA,IndustriesSettings.IsShareSaWithArOrgPrefEnabled,IsShareSaWithArOrgPrefEnabled,IndustriesSettings,,IsShareSaWithArOrgPrefEnabled,__MISSING LABEL__ PropertyFile - val IsShareSaWithArOrgPrefEnabled not found in section udd_SettingsTemplate,__MISSING LABEL__ PropertyFile - val IsShareSaWithArOrgPrefEnabled not found in section udd_SettingsTemplate,チェックボックス,false,false,false,true,true,true
000000000000000AAA,IndustriesSettings.IsSlackForCibEnabled,IsSlackForCibEnabled,IndustriesSettings,,IsSlackForCibEnabled,__MISSING LABEL__ PropertyFile - val IsSlackForCibEnabled not found in section udd_SettingsTemplate,__MISSING LABEL__ PropertyFile - val IsSlackForCibEnabled not found in section udd_SettingsTemplate,チェックボックス,false,false,false,true,true,true
000000000000000AAA,IndustriesSettings.IsSmartAsmtQstnGenerationEnabled,IsSmartAsmtQstnGenerationEnabled,IndustriesSettings,,IsSmartAsmtQstnGenerationEnabled,__MISSING LABEL__ PropertyFile - val IsSmartAsmtQstnGenerationEnabled not found in section udd_SettingsTemplate,__MISSING LABEL__ PropertyFile - val IsSmartAsmtQstnGenerationEnabled not found in section udd_SettingsTemplate,チェックボックス,false,false,false,true,true,true
000000000000000AAA,IndustriesSettings.IsSmartTagsEnabled,IsSmartTagsEnabled,IndustriesSettings,,IsSmartTagsEnabled,__MISSING LABEL__ PropertyFile - val IsSmartTagsEnabled not found in section udd_SettingsTemplate,__MISSING LABEL__ PropertyFile - val IsSmartTagsEnabled not found in section udd_SettingsTemplate,チェックボックス,false,false,false,true,true,true
000000000000000AAA,IndustriesSettings.IsSourceCodeGenerationEnabled,IsSourceCodeGenerationEnabled,IndustriesSettings,,IsSourceCodeGenerationEnabled,__MISSING LABEL__ PropertyFile - val IsSourceCodeGenerationEnabled not found in section udd_SettingsTemplate,__MISSING LABEL__ PropertyFile - val IsSourceCodeGenerationEnabled not found in section udd_SettingsTemplate,チェックボックス,false,false,false,true,true,true
000000000000000AAA,IndustriesSettings.IsStageAssignmentRulesReEvaluationEnabled,IsStageAssignmentRulesReEvaluationEnabled,IndustriesSettings,,IsStageAssignmentRulesReEvaluationEnabled,__MISSING LABEL__ PropertyFile - val IsStageAssignmentRulesReEvaluationEnabled not found in section udd_SettingsTemplate,__MISSING LABEL__ PropertyFile - val IsStageAssignmentRulesReEvaluationEnabled not found in section udd_SettingsTemplate,チェックボックス,false,false,false,true,true,true
000000000000000AAA,IndustriesSettings.IsStoriesEnabled,IsStoriesEnabled,IndustriesSettings,,IsStoriesEnabled,__MISSING LABEL__ PropertyFile - val IsStoriesEnabled not found in section udd_SettingsTemplate,__MISSING LABEL__ PropertyFile - val IsStoriesEnabled not found in section udd_SettingsTemplate,チェックボックス,false,false,false,true,true,true
000000000000000AAA,IndustriesSettings.IsStudentFinAgentEnabled,IsStudentFinAgentEnabled,IndustriesSettings,,IsStudentFinAgentEnabled,__MISSING LABEL__ PropertyFile - val IsStudentFinAgentEnabled not found in section udd_SettingsTemplate,__MISSING LABEL__ PropertyFile - val IsStudentFinAgentEnabled not found in section udd_SettingsTemplate,チェックボックス,false,false,false,true,true,true
000000000000000AAA,IndustriesSettings.IsStudentGoalsEnabled,IsStudentGoalsEnabled,IndustriesSettings,,IsStudentGoalsEnabled,__MISSING LABEL__ PropertyFile - val IsStudentGoalsEnabled not found in section udd_SettingsTemplate,__MISSING LABEL__ PropertyFile - val IsStudentGoalsEnabled not found in section udd_SettingsTemplate,チェックボックス,false,false,false,true,true,true
000000000000000AAA,IndustriesSettings.IsStudentManagementEnabled,IsStudentManagementEnabled,IndustriesSettings,,IsStudentManagementEnabled,__MISSING LABEL__ PropertyFile - val IsStudentManagementEnabled not found in section udd_SettingsTemplate,__MISSING LABEL__ PropertyFile - val IsStudentManagementEnabled not found in section udd_SettingsTemplate,チェックボックス,false,false,false,true,true,true
000000000000000AAA,IndustriesSettings.IsStudentRecruitmentAgentEnabled,IsStudentRecruitmentAgentEnabled,IndustriesSettings,,IsStudentRecruitmentAgentEnabled,__MISSING LABEL__ PropertyFile - val IsStudentRecruitmentAgentEnabled not found in section udd_SettingsTemplate,__MISSING LABEL__ PropertyFile - val IsStudentRecruitmentAgentEnabled not found in section udd_SettingsTemplate,チェックボックス,false,false,false,true,true,true
000000000000000AAA,IndustriesSettings.IsStudentSuccessEnabled,IsStudentSuccessEnabled,IndustriesSettings,,IsStudentSuccessEnabled,__MISSING LABEL__ PropertyFile - val IsStudentSuccessEnabled not found in section udd_SettingsTemplate,__MISSING LABEL__ PropertyFile - val IsStudentSuccessEnabled not found in section udd_SettingsTemplate,チェックボックス,false,false,false,true,true,true
000000000000000AAA,IndustriesSettings.IsStuFinancialsEnabled,IsStuFinancialsEnabled,IndustriesSettings,,IsStuFinancialsEnabled,__MISSING LABEL__ PropertyFile - val IsStuFinancialsEnabled not found in section udd_SettingsTemplate,__MISSING LABEL__ PropertyFile - val IsStuFinancialsEnabled not found in section udd_SettingsTemplate,チェックボックス,false,false,false,true,true,true
000000000000000AAA,IndustriesSettings.IsSuggestedAssessmentSettingEnabled,IsSuggestedAssessmentSettingEnabled,IndustriesSettings,,IsSuggestedAssessmentSettingEnabled,__MISSING LABEL__ PropertyFile - val IsSuggestedAssessmentSettingEnabled not found in section udd_SettingsTemplate,__MISSING LABEL__ PropertyFile - val IsSuggestedAssessmentSettingEnabled not found in section udd_SettingsTemplate,チェックボックス,false,false,false,true,true,true
000000000000000AAA,IndustriesSettings.IsSuggRespForInternalAssmtEnabled,IsSuggRespForInternalAssmtEnabled,IndustriesSettings,,IsSuggRespForInternalAssmtEnabled,__MISSING LABEL__ PropertyFile - val IsSuggRespForInternalAssmtEnabled not found in section udd_SettingsTemplate,__MISSING LABEL__ PropertyFile - val IsSuggRespForInternalAssmtEnabled not found in section udd_SettingsTemplate,チェックボックス,false,false,false,true,true,true
000000000000000AAA,IndustriesSettings.IsSupplierManagementEnabled,IsSupplierManagementEnabled,IndustriesSettings,,IsSupplierManagementEnabled,__MISSING LABEL__ PropertyFile - val IsSupplierManagementEnabled not found in section udd_SettingsTemplate,__MISSING LABEL__ PropertyFile - val IsSupplierManagementEnabled not found in section udd_SettingsTemplate,チェックボックス,false,false,false,true,true,true
000000000000000AAA,IndustriesSettings.IsSustainabilityCloudEnabled,IsSustainabilityCloudEnabled,IndustriesSettings,,IsSustainabilityCloudEnabled,__MISSING LABEL__ PropertyFile - val IsSustainabilityCloudEnabled not found in section udd_SettingsTemplate,__MISSING LABEL__ PropertyFile - val IsSustainabilityCloudEnabled not found in section udd_SettingsTemplate,チェックボックス,false,false,false,true,true,true
000000000000000AAA,IndustriesSettings.IsSyncInteractionsPrefEnabled,IsSyncInteractionsPrefEnabled,IndustriesSettings,,IsSyncInteractionsPrefEnabled,__MISSING LABEL__ PropertyFile - val IsSyncInteractionsPrefEnabled not found in section udd_SettingsTemplate,__MISSING LABEL__ PropertyFile - val IsSyncInteractionsPrefEnabled not found in section udd_SettingsTemplate,チェックボックス,false,false,false,true,true,true
000000000000000AAA,IndustriesSettings.IsTearSheetPrefEnabled,IsTearSheetPrefEnabled,IndustriesSettings,,IsTearSheetPrefEnabled,__MISSING LABEL__ PropertyFile - val IsTearSheetPrefEnabled not found in section udd_SettingsTemplate,__MISSING LABEL__ PropertyFile - val IsTearSheetPrefEnabled not found in section udd_SettingsTemplate,チェックボックス,false,false,false,true,true,true
000000000000000AAA,IndustriesSettings.IsTextExtractEnabled,IsTextExtractEnabled,IndustriesSettings,,IsTextExtractEnabled,__MISSING LABEL__ PropertyFile - val IsTextExtractEnabled not found in section udd_SettingsTemplate,__MISSING LABEL__ PropertyFile - val IsTextExtractEnabled not found in section udd_SettingsTemplate,チェックボックス,false,false,false,true,true,true
000000000000000AAA,IndustriesSettings.IsTimelineCachePrefEnabled,IsTimelineCachePrefEnabled,IndustriesSettings,,IsTimelineCachePrefEnabled,__MISSING LABEL__ PropertyFile - val IsTimelineCachePrefEnabled not found in section udd_SettingsTemplate,__MISSING LABEL__ PropertyFile - val IsTimelineCachePrefEnabled not found in section udd_SettingsTemplate,チェックボックス,false,false,false,true,true,true
000000000000000AAA,IndustriesSettings.IsTimelinePrefEnabled,IsTimelinePrefEnabled,IndustriesSettings,,IsTimelinePrefEnabled,__MISSING LABEL__ PropertyFile - val IsTimelinePrefEnabled not found in section udd_SettingsTemplate,__MISSING LABEL__ PropertyFile - val IsTimelinePrefEnabled not found in section udd_SettingsTemplate,チェックボックス,false,false,false,true,true,true
000000000000000AAA,IndustriesSettings.IsTlntRcrtMgmtRcrutSklPrefEnabled,IsTlntRcrtMgmtRcrutSklPrefEnabled,IndustriesSettings,,IsTlntRcrtMgmtRcrutSklPrefEnabled,__MISSING LABEL__ PropertyFile - val IsTlntRcrtMgmtRcrutSklPrefEnabled not found in section udd_SettingsTemplate,__MISSING LABEL__ PropertyFile - val IsTlntRcrtMgmtRcrutSklPrefEnabled not found in section udd_SettingsTemplate,チェックボックス,false,false,false,true,true,true
000000000000000AAA,IndustriesSettings.IsTlntRcrtMgmtSklCmtyPrefEnabled,IsTlntRcrtMgmtSklCmtyPrefEnabled,IndustriesSettings,,IsTlntRcrtMgmtSklCmtyPrefEnabled,__MISSING LABEL__ PropertyFile - val IsTlntRcrtMgmtSklCmtyPrefEnabled not found in section udd_SettingsTemplate,__MISSING LABEL__ PropertyFile - val IsTlntRcrtMgmtSklCmtyPrefEnabled not found in section udd_SettingsTemplate,チェックボックス,false,false,false,true,true,true
000000000000000AAA,IndustriesSettings.IsTopicOrTemplateEnabled,IsTopicOrTemplateEnabled,IndustriesSettings,,IsTopicOrTemplateEnabled,__MISSING LABEL__ PropertyFile - val IsTopicOrTemplateEnabled not found in section udd_SettingsTemplate,__MISSING LABEL__ PropertyFile - val IsTopicOrTemplateEnabled not found in section udd_SettingsTemplate,チェックボックス,false,false,false,true,true,true
000000000000000AAA,IndustriesSettings.IsTopicTimeSlotEnabled,IsTopicTimeSlotEnabled,IndustriesSettings,,IsTopicTimeSlotEnabled,__MISSING LABEL__ PropertyFile - val IsTopicTimeSlotEnabled not found in section udd_SettingsTemplate,__MISSING LABEL__ PropertyFile - val IsTopicTimeSlotEnabled not found in section udd_SettingsTemplate,チェックボックス,false,false,false,true,true,true
000000000000000AAA,IndustriesSettings.IsTrackApplicationsPrefEnabled,IsTrackApplicationsPrefEnabled,IndustriesSettings,,IsTrackApplicationsPrefEnabled,__MISSING LABEL__ PropertyFile - val IsTrackApplicationsPrefEnabled not found in section udd_SettingsTemplate,__MISSING LABEL__ PropertyFile - val IsTrackApplicationsPrefEnabled not found in section udd_SettingsTemplate,チェックボックス,false,false,false,true,true,true
000000000000000AAA,IndustriesSettings.IsTrcrtMgmtSklCoCmtyPrefEnabled,IsTrcrtMgmtSklCoCmtyPrefEnabled,IndustriesSettings,,IsTrcrtMgmtSklCoCmtyPrefEnabled,__MISSING LABEL__ PropertyFile - val IsTrcrtMgmtSklCoCmtyPrefEnabled not found in section udd_SettingsTemplate,__MISSING LABEL__ PropertyFile - val IsTrcrtMgmtSklCoCmtyPrefEnabled not found in section udd_SettingsTemplate,チェックボックス,false,false,false,true,true,true
000000000000000AAA,IndustriesSettings.IsTrialManagementRandomizationEnabled,IsTrialManagementRandomizationEnabled,IndustriesSettings,,IsTrialManagementRandomizationEnabled,__MISSING LABEL__ PropertyFile - val IsTrialManagementRandomizationEnabled not found in section udd_SettingsTemplate,__MISSING LABEL__ PropertyFile - val IsTrialManagementRandomizationEnabled not found in section udd_SettingsTemplate,チェックボックス,false,false,false,true,true,true
000000000000000AAA,IndustriesSettings.IsTurnOffDsclsReprtPbsrNameEnabled,IsTurnOffDsclsReprtPbsrNameEnabled,IndustriesSettings,,IsTurnOffDsclsReprtPbsrNameEnabled,__MISSING LABEL__ PropertyFile - val IsTurnOffDsclsReprtPbsrNameEnabled not found in section udd_SettingsTemplate,__MISSING LABEL__ PropertyFile - val IsTurnOffDsclsReprtPbsrNameEnabled not found in section udd_SettingsTemplate,チェックボックス,false,false,false,true,true,true
000000000000000AAA,IndustriesSettings.IsUmPayerAppAccessOrgPreferenceEnabled,IsUmPayerAppAccessOrgPreferenceEnabled,IndustriesSettings,,IsUmPayerAppAccessOrgPreferenceEnabled,__MISSING LABEL__ PropertyFile - val IsUmPayerAppAccessOrgPreferenceEnabled not found in section udd_SettingsTemplate,__MISSING LABEL__ PropertyFile - val IsUmPayerAppAccessOrgPreferenceEnabled not found in section udd_SettingsTemplate,チェックボックス,false,false,false,true,true,true
000000000000000AAA,IndustriesSettings.IsVideoVisitsOrgPrefEnabled,IsVideoVisitsOrgPrefEnabled,IndustriesSettings,,IsVideoVisitsOrgPrefEnabled,__MISSING LABEL__ PropertyFile - val IsVideoVisitsOrgPrefEnabled not found in section udd_SettingsTemplate,__MISSING LABEL__ PropertyFile - val IsVideoVisitsOrgPrefEnabled not found in section udd_SettingsTemplate,チェックボックス,false,false,false,true,true,true
000000000000000AAA,IndustriesSettings.IsViewInternalAssmtSettingEnabled,IsViewInternalAssmtSettingEnabled,IndustriesSettings,,IsViewInternalAssmtSettingEnabled,__MISSING LABEL__ PropertyFile - val IsViewInternalAssmtSettingEnabled not found in section udd_SettingsTemplate,__MISSING LABEL__ PropertyFile - val IsViewInternalAssmtSettingEnabled not found in section udd_SettingsTemplate,チェックボックス,false,false,false,true,true,true
000000000000000AAA,IndustriesSettings.IsVisitCalendarSyncEnabled,IsVisitCalendarSyncEnabled,IndustriesSettings,,IsVisitCalendarSyncEnabled,__MISSING LABEL__ PropertyFile - val IsVisitCalendarSyncEnabled not found in section udd_SettingsTemplate,__MISSING LABEL__ PropertyFile - val IsVisitCalendarSyncEnabled not found in section udd_SettingsTemplate,チェックボックス,false,false,false,true,true,true
000000000000000AAA,IndustriesSettings.IsVisitInventoryEnabledEnabled,IsVisitInventoryEnabledEnabled,IndustriesSettings,,IsVisitInventoryEnabledEnabled,__MISSING LABEL__ PropertyFile - val IsVisitInventoryEnabledEnabled not found in section udd_SettingsTemplate,__MISSING LABEL__ PropertyFile - val IsVisitInventoryEnabledEnabled not found in section udd_SettingsTemplate,チェックボックス,false,false,false,true,true,true
000000000000000AAA,IndustriesSettings.IsVisitPlanningAndExecutionActionEnabled,IsVisitPlanningAndExecutionActionEnabled,IndustriesSettings,,IsVisitPlanningAndExecutionActionEnabled,__MISSING LABEL__ PropertyFile - val IsVisitPlanningAndExecutionActionEnabled not found in section udd_SettingsTemplate,__MISSING LABEL__ PropertyFile - val IsVisitPlanningAndExecutionActionEnabled not found in section udd_SettingsTemplate,チェックボックス,false,false,false,true,true,true
000000000000000AAA,IndustriesSettings.IsVolunteerManagementAiEnabled,IsVolunteerManagementAiEnabled,IndustriesSettings,,IsVolunteerManagementAiEnabled,__MISSING LABEL__ PropertyFile - val IsVolunteerManagementAiEnabled not found in section udd_SettingsTemplate,__MISSING LABEL__ PropertyFile - val IsVolunteerManagementAiEnabled not found in section udd_SettingsTemplate,チェックボックス,false,false,false,true,true,true
000000000000000AAA,IndustriesSettings.IsVolunteerManagementEnabled,IsVolunteerManagementEnabled,IndustriesSettings,,IsVolunteerManagementEnabled,__MISSING LABEL__ PropertyFile - val IsVolunteerManagementEnabled not found in section udd_SettingsTemplate,__MISSING LABEL__ PropertyFile - val IsVolunteerManagementEnabled not found in section udd_SettingsTemplate,チェックボックス,false,false,false,true,true,true
000000000000000AAA,IndustriesSettings.IsWaitlistManagementPrefEnabled,IsWaitlistManagementPrefEnabled,IndustriesSettings,,IsWaitlistManagementPrefEnabled,__MISSING LABEL__ PropertyFile - val IsWaitlistManagementPrefEnabled not found in section udd_SettingsTemplate,__MISSING LABEL__ PropertyFile - val IsWaitlistManagementPrefEnabled not found in section udd_SettingsTemplate,チェックボックス,false,false,false,true,true,true
000000000000000AAA,IndustriesSettings.IsWealthManagementAiPrefEnabled,IsWealthManagementAiPrefEnabled,IndustriesSettings,,IsWealthManagementAiPrefEnabled,__MISSING LABEL__ PropertyFile - val IsWealthManagementAiPrefEnabled not found in section udd_SettingsTemplate,__MISSING LABEL__ PropertyFile - val IsWealthManagementAiPrefEnabled not found in section udd_SettingsTemplate,チェックボックス,false,false,false,true,true,true
000000000000000AAA,IndustriesSettings.LoanApplicantAddressAutoCreation,LoanApplicantAddressAutoCreation,IndustriesSettings,,LoanApplicantAddressAutoCreation,__MISSING LABEL__ PropertyFile - val LoanApplicantAddressAutoCreation not found in section udd_SettingsTemplate,__MISSING LABEL__ PropertyFile - val LoanApplicantAddressAutoCreation not found in section udd_SettingsTemplate,チェックボックス,false,false,false,true,true,true
000000000000000AAA,IndustriesSettings.LoanApplicantAutoCreation,LoanApplicantAutoCreation,IndustriesSettings,,LoanApplicantAutoCreation,__MISSING LABEL__ PropertyFile - val LoanApplicantAutoCreation not found in section udd_SettingsTemplate,__MISSING LABEL__ PropertyFile - val LoanApplicantAutoCreation not found in section udd_SettingsTemplate,チェックボックス,false,false,false,true,true,true
000000000000000AAA,IndustriesSettings.Metadata,Metadata,IndustriesSettings,,Metadata,メタデータ,メタデータ,複合値,false,true,false,false,false,false
000000000000000AAA,IndustriesSettings.MortgageSalesforceSharing,MortgageSalesforceSharing,IndustriesSettings,,MortgageSalesforceSharing,__MISSING LABEL__ PropertyFile - val MortgageSalesforceSharing not found in section udd_SettingsTemplate,__MISSING LABEL__ PropertyFile - val MortgageSalesforceSharing not found in section udd_SettingsTemplate,チェックボックス,false,false,false,true,true,true
000000000000000AAA,IndustriesSettings.NonProfitCloudEmbeddedAi,NonProfitCloudEmbeddedAi,IndustriesSettings,,NonProfitCloudEmbeddedAi,__MISSING LABEL__ PropertyFile - val NonProfitCloudEmbeddedAi not found in section udd_SettingsTemplate,__MISSING LABEL__ PropertyFile - val NonProfitCloudEmbeddedAi not found in section udd_SettingsTemplate,チェックボックス,false,false,false,true,true,true
000000000000000AAA,IndustriesSettings.ParticipantRecordDeactivateUser,ParticipantRecordDeactivateUser,IndustriesSettings,,ParticipantRecordDeactivateUser,__MISSING LABEL__ PropertyFile - val ParticipantRecordDeactivateUser not found in section udd_SettingsTemplate,__MISSING LABEL__ PropertyFile - val ParticipantRecordDeactivateUser not found in section udd_SettingsTemplate,テキスト(255),false,true,false,true,true,true
000000000000000AAA,IndustriesSettings.PartyProfMultiShrPrtnrsOrgPref,PartyProfMultiShrPrtnrsOrgPref,IndustriesSettings,,PartyProfMultiShrPrtnrsOrgPref,__MISSING LABEL__ PropertyFile - val PartyProfMultiShrPrtnrsOrgPref not found in section udd_SettingsTemplate,__MISSING LABEL__ PropertyFile - val PartyProfMultiShrPrtnrsOrgPref not found in section udd_SettingsTemplate,チェックボックス,false,false,false,true,true,true
000000000000000AAA,IndustriesSettings.RlaEditIfAccHasEdit,RlaEditIfAccHasEdit,IndustriesSettings,,RlaEditIfAccHasEdit,__MISSING LABEL__ PropertyFile - val RlaEditIfAccHasEdit not found in section udd_SettingsTemplate,__MISSING LABEL__ PropertyFile - val RlaEditIfAccHasEdit not found in section udd_SettingsTemplate,チェックボックス,false,false,false,true,true,true
000000000000000AAA,IndustriesSettings.ShowCollectionContactAndAccount,ShowCollectionContactAndAccount,IndustriesSettings,,ShowCollectionContactAndAccount,__MISSING LABEL__ PropertyFile - val ShowCollectionContactAndAccount not found in section udd_SettingsTemplate,__MISSING LABEL__ PropertyFile - val ShowCollectionContactAndAccount not found in section udd_SettingsTemplate,チェックボックス,false,false,false,true,true,true
000000000000000AAA,IndustriesSettings.TransformRbLtoDpe,TransformRbLtoDpe,IndustriesSettings,,TransformRbLtoDpe,__MISSING LABEL__ PropertyFile - val TransformRbLtoDpe not found in section udd_SettingsTemplate,__MISSING LABEL__ PropertyFile - val TransformRbLtoDpe not found in section udd_SettingsTemplate,チェックボックス,false,false,false,true,true,true
